id_evento_clima,id_usuario,id_pais,fecha,hora_min_seg,temperatura,min_temp,max_temp,humedad_relativa,heliofania,precipitacion,presion_atmosferica,intensidad_viento,direccion_viento,indice_UV,altura_oleaje_marea,periodo_oleaje_marea,direccion_oleaje_marea,id_alerta_met,duracion,status
1,400,6,2022-11-13,0:28:10,23.5,0.5,31.1,20,12.6,22.9,1000.5,27,95,0,1.7,12.6,SE,,"",""
2,663,7,2021-09-01,13:29:53,8.4,-6.4,33.2,47,10.7,47.9,1026.2,90,175,1,0.4,9.6,E,,"",""
3,211,206,2023-07-24,16:46:41,16.9,-1.3,33.4,80,7.0,96.8,1015.3,30,71,8,0.6,13.3,NE,,"",""
4,4,10,2020-08-23,20:55:31,21.9,-4.7,30.3,0,10.4,88.5,998.9,45,66,0,0.4,13.0,S,62,03:19:21,Inactivo
5,7,909,2020-06-07,3:07:49,14.0,-2.3,34.2,62,13.5,82.2,1021.8,18,119,11,2.5,12.6,E,,"",""
6,204,112,2021-11-13,10:23:05,20.3,4.6,37.5,87,8.7,16.7,1010.6,18,187,5,2.6,14.6,EN,,"",""
7,897,893,2021-06-08,22:19:34,9.7,4.6,39.6,52,1.2,18.1,1013.1,78,159,11,2.6,6.5,S,,"",""
8,530,743,2020-08-30,1:51:15,14.9,0.3,33.5,13,12.2,94.1,1023.8,96,132,1,1.3,10.6,EN,47,01:18:12,Inactivo
9,197,405,2020-04-14,7:00:58,24.3,-6.6,35.1,72,9.5,40.2,1007.7,97,210,3,0.7,9.7,SE,57,03:41:25,Inactivo
10,440,176,2023-03-23,14:10:02,17.6,2.7,38.7,22,1.4,60.5,1009.0,68,236,2,1.4,5.4,ES,9,05:28:17,Inactivo
11,774,5,2023-08-21,2:27:53,11.3,-4.3,29.0,95,12.4,28.3,1017.4,30,305,5,2.5,8.3,SO,,"",""
12,7,4,2024-03-05,21:04:43,11.2,-3.8,40.0,57,7.9,33.2,1032.0,9,39,2,2.6,14.6,ON,29,04:18:30,Inactivo
13,517,2,2019-12-16,23:57:17,15.7,-3.1,39.8,16,5.4,33.4,1007.2,95,204,2,0.3,14.5,S,27,01:34:04,Inactivo
14,940,164,2021-03-03,11:47:18,11.2,4.0,32.2,90,11.9,74.9,995.8,48,255,7,0.7,7.5,O,38,01:44:40,Inactivo
15,721,250,2021-12-24,19:55:11,21.8,1.4,35.9,79,13.3,26.3,992.1,61,41,3,1.0,5.5,NO,2,01:53:14,Inactivo
16,643,690,2024-11-27,13:48:32,20.6,-3.5,33.2,60,2.0,58.3,1016.0,98,98,11,2.2,7.2,S,47,01:15:45,Activo
17,557,9,2024-05-18,18:20:47,9.6,-4.8,25.5,11,2.4,6.2,1000.7,86,335,9,0.7,10.6,S,,"",""
18,775,146,2021-12-22,23:01:52,12.7,-3.4,32.9,12,11.9,2.2,1021.9,25,295,4,2.8,6.1,SE,,"",""
19,704,781,2024-11-18,14:57:19,24.9,-6.5,35.2,29,7.1,48.3,994.2,58,21,1,3.0,11.6,SO,,"",""
20,108,318,2022-05-27,10:04:14,22.4,5.4,40.2,64,11.4,64.9,1027.5,5,174,6,1.2,11.2,S,30,04:49:58,Inactivo
21,1,8,2020-12-25,23:42:23,21.6,2.5,25.3,85,6.1,67.9,1016.9,83,32,3,2.9,11.2,OS,,"",""
22,1,10,2021-06-19,7:30:14,8.5,4.4,32.3,73,7.6,93.5,1030.7,93,138,7,1.2,14.1,SO,14,02:25:37,Inactivo
23,461,9,2020-01-13,9:27:25,23.1,0.9,25.5,48,9.6,90.0,1014.3,90,165,0,0.8,15.0,E,,"",""
24,349,231,2020-04-29,22:15:10,17.9,-1.5,30.2,68,4.7,89.8,992.8,14,316,11,0.8,5.5,ES,5,04:12:03,Inactivo
25,897,73,2020-01-05,2:33:09,12.9,4.2,40.0,43,4.0,10.7,1033.4,70,273,3,0.6,12.8,EN,5,02:08:47,Inactivo
26,542,597,2021-06-11,3:48:03,14.8,0.3,40.3,2,3.4,55.7,1014.8,34,196,8,0.7,5.7,ES,15,02:59:06,Inactivo
27,2,5,2022-08-24,11:31:14,13.4,-0.2,37.5,13,6.3,17.0,1011.3,69,130,5,0.3,10.7,E,,"",""
28,801,783,2020-04-26,17:34:34,21.6,2.6,28.8,42,4.8,26.3,1034.3,95,239,7,2.3,12.2,N,,"",""
29,488,68,2022-05-08,13:49:18,9.9,-4.3,36.3,57,8.4,27.3,1023.8,29,36,9,1.9,14.2,S,,"",""
30,3,761,2020-12-30,19:15:14,6.7,2.4,36.7,10,4.7,99.6,1009.8,95,171,4,2.2,6.2,NO,,"",""
31,2,700,2024-10-07,7:17:51,18.4,0.4,36.3,36,3.9,25.8,1005.0,99,127,3,2.0,12.3,NO,9,03:16:33,Inactivo
32,98,103,2020-06-02,12:01:23,19.7,-1.7,39.8,54,2.0,58.8,1033.8,32,81,9,0.2,6.4,NO,,"",""
33,397,439,2024-05-29,12:38:01,21.8,4.7,25.9,49,6.9,50.4,1023.1,3,55,11,2.3,11.7,E,,"",""
34,2,9,2022-05-31,17:24:55,20.4,-1.9,32.6,12,2.8,60.3,1004.5,81,39,8,2.0,13.3,EN,,"",""
35,474,150,2022-06-10,15:28:48,16.7,-0.3,32.9,55,8.0,36.1,1013.3,51,181,0,1.6,14.6,N,10,01:21:29,Inactivo
36,637,148,2021-01-27,7:40:28,9.8,-0.2,36.5,11,5.1,5.6,1031.2,16,132,11,0.9,12.1,S,,"",""
37,685,248,2020-09-16,13:09:36,21.6,-4.0,30.7,84,4.2,1.4,1006.6,43,113,3,0.0,5.1,ON,,"",""
38,7,301,2021-04-27,7:25:04,18.4,-6.1,40.7,32,13.2,0.8,1012.5,53,348,2,0.9,8.1,SE,8,02:42:07,Inactivo
39,570,3,2020-10-24,7:24:35,9.6,-3.1,29.9,56,0.3,22.5,1031.5,93,139,2,1.0,5.4,S,14,00:32:52,Inactivo
40,526,138,2023-11-14,20:40:31,23.6,4.6,30.0,36,13.4,95.1,1002.0,29,38,1,0.9,13.5,EN,20,04:23:26,Inactivo
41,136,10,2024-10-05,3:04:52,22.3,3.5,37.4,61,10.7,44.9,1022.8,36,107,10,2.5,11.2,O,52,00:27:22,Inactivo
42,887,1,2021-02-21,15:09:14,6.7,-4.1,30.7,43,13.6,47.3,992.9,78,277,4,1.3,9.9,EN,,"",""
43,507,7,2020-11-08,6:28:23,22.7,1.4,28.1,41,7.9,95.6,1032.7,30,237,6,3.0,13.1,ES,,"",""
44,7,598,2023-11-04,9:21:34,10.9,-4.5,26.4,10,13.7,14.4,1005.7,0,99,4,0.3,14.6,ON,,"",""
45,141,8,2022-05-09,7:55:51,15.1,1.2,36.8,15,10.5,45.0,994.2,95,133,7,1.4,7.5,ON,2,05:34:53,Inactivo
46,143,2,2023-07-27,14:45:22,16.3,4.0,25.8,8,0.1,69.1,1010.8,73,75,7,2.1,8.1,ON,78,04:03:19,Inactivo
47,655,615,2022-11-09,14:40:28,19.2,-5.1,27.0,92,6.7,46.9,1015.5,81,203,3,1.1,7.3,O,,"",""
48,312,86,2023-01-12,6:37:18,6.0,-1.8,34.4,8,6.8,76.2,1025.8,20,84,9,0.9,11.1,N,,"",""
49,103,256,2023-05-05,12:37:38,15.8,4.5,26.8,51,10.9,46.9,1036.9,70,13,7,2.8,8.3,N,,"",""
50,755,484,2020-03-28,2:14:47,15.4,-1.6,37.4,78,5.0,97.8,1028.6,20,154,5,1.8,10.1,E,13,01:21:46,Inactivo
51,478,76,2021-11-19,0:10:11,11.5,-5.4,33.4,81,6.9,5.3,993.1,33,212,9,2.3,10.8,SE,,"",""
52,449,8,2023-10-28,18:26:43,23.1,3.4,37.0,66,8.7,88.4,1030.8,14,338,5,2.0,13.3,SO,,"",""
53,594,95,2023-10-27,2:28:04,21.9,-1.3,39.3,86,12.6,72.1,1033.6,85,265,11,2.4,7.0,O,4,02:19:40,Inactivo
54,5,618,2021-08-08,11:57:33,15.8,-5.3,33.9,39,13.4,20.8,1004.7,1,105,6,0.7,9.1,ES,26,04:53:12,Inactivo
55,904,2,2022-02-04,1:28:41,17.3,3.2,27.2,5,5.1,76.7,1017.0,36,17,4,0.5,6.5,SE,,"",""
56,911,7,2023-05-18,23:31:06,23.3,-1.4,33.0,28,12.3,77.5,1029.2,71,326,1,0.3,11.4,NO,21,01:08:44,Inactivo
57,599,926,2021-08-13,20:49:33,17.5,-0.3,31.6,63,10.9,6.9,996.4,21,11,7,0.0,11.3,O,47,00:24:08,Inactivo
58,846,5,2021-11-07,12:36:15,11.6,-0.9,29.3,70,10.8,37.9,1029.4,77,194,4,1.9,10.9,S,,"",""
59,3,382,2024-10-08,14:03:52,9.2,4.4,33.7,89,13.1,19.1,1005.6,19,321,6,1.1,8.8,SO,,"",""
60,308,3,2023-02-11,4:22:23,20.8,1.1,25.5,99,9.2,23.3,992.9,29,52,3,0.1,12.5,ON,,"",""
61,7,817,2023-09-01,13:39:14,24.7,-5.3,28.4,33,0.9,98.4,991.1,23,145,9,2.7,5.8,SE,6,01:16:57,Inactivo
62,3,414,2021-03-30,12:40:09,14.4,5.9,36.6,74,13.4,91.1,999.2,12,269,3,1.9,9.9,SO,,"",""
63,120,2,2021-06-25,6:26:12,18.9,-1.7,39.0,43,0.5,2.9,1017.8,100,138,7,0.8,5.1,EN,10,05:15:04,Inactivo
64,35,544,2020-08-10,9:01:59,18.1,2.7,36.3,62,11.3,31.0,994.0,62,213,5,0.4,8.2,ES,,"",""
65,5,321,2024-07-21,21:21:39,6.5,-0.4,30.9,98,10.0,37.0,994.9,67,191,0,0.8,7.4,E,,"",""
66,909,4,2020-03-29,21:23:19,13.5,-6.6,40.3,9,5.6,37.1,995.8,0,255,11,2.3,8.3,NO,,"",""
67,584,8,2021-06-03,15:36:55,7.0,-1.0,25.6,22,9.9,46.9,1016.8,14,311,1,0.8,6.1,NO,,"",""
68,7,667,2023-08-07,10:03:15,10.9,4.8,35.9,1,7.6,1.7,1012.0,54,277,11,2.4,11.0,NO,11,00:58:22,Inactivo
69,5,454,2020-06-29,15:16:27,17.5,-4.7,27.2,82,4.7,97.7,1005.3,25,67,9,2.4,8.1,OS,,"",""
70,46,209,2024-01-25,20:36:43,17.0,5.6,40.6,16,12.9,14.3,996.5,68,32,9,0.8,7.7,EN,14,05:41:51,Inactivo
71,812,751,2019-12-10,1:14:36,7.8,0.2,31.5,6,0.5,79.5,1028.5,80,120,1,2.5,7.4,NE,,"",""
72,190,7,2024-05-17,20:44:39,21.3,-3.6,25.4,62,8.2,11.5,1013.6,82,113,4,0.8,11.9,N,24,04:18:40,Inactivo
73,574,558,2023-01-28,16:36:36,24.9,-3.5,33.2,10,2.0,82.1,1003.2,49,91,8,1.3,9.8,ON,,"",""
74,1,237,2022-12-05,15:52:40,23.9,-6.1,32.0,98,4.6,8.9,1029.9,63,246,6,0.2,6.7,NO,11,03:40:08,Inactivo
75,4,430,2020-04-30,5:13:22,7.4,-3.2,40.3,30,5.1,16.0,992.8,69,58,3,2.4,13.3,O,6,05:24:57,Inactivo
76,1,3,2024-06-02,10:17:36,19.7,-3.3,33.8,88,0.9,83.7,1004.9,50,196,7,1.1,8.5,SE,36,05:19:16,Inactivo
77,868,7,2020-08-31,7:24:50,7.0,2.7,38.8,11,8.7,64.4,995.4,22,337,11,2.7,9.4,ES,,"",""
78,721,71,2020-06-07,22:05:09,14.4,-2.2,38.3,42,12.1,40.3,1024.2,97,324,8,2.1,6.8,SE,,"",""
79,7,2,2022-12-04,19:50:48,11.3,5.3,28.6,4,1.6,26.7,1014.5,64,301,4,2.1,13.3,SO,35,05:36:46,Inactivo
80,3,9,2024-09-08,4:55:44,22.4,2.1,40.7,55,6.7,6.2,1019.1,33,52,8,1.4,10.6,E,,"",""
81,401,60,2019-12-19,19:49:20,9.9,3.7,35.1,5,12.6,80.7,1037.4,92,223,8,0.8,7.9,NE,44,05:37:01,Inactivo
82,768,455,2023-08-10,7:20:30,16.7,-3.1,26.5,20,4.3,48.4,999.7,89,235,10,1.6,5.9,OS,,"",""
83,274,92,2022-09-29,1:08:30,15.6,-6.1,31.0,39,1.0,20.2,1014.5,22,268,11,0.4,8.2,S,,"",""
84,544,875,2024-07-13,10:30:00,14.6,-6.2,33.9,100,2.1,1.7,1034.3,81,97,3,2.1,5.0,N,,"",""
85,58,58,2020-02-08,7:36:26,9.9,-2.7,38.9,50,3.6,11.1,1021.3,60,74,4,1.3,12.1,NE,56,03:47:48,Inactivo
86,497,169,2023-10-31,17:38:30,18.4,-6.5,26.4,56,3.6,56.6,1005.1,93,276,10,1.4,10.0,N,49,00:10:03,Inactivo
87,1,808,2022-02-11,23:49:01,13.0,-6.6,39.9,84,6.5,98.2,1007.2,48,128,2,1.0,5.5,ON,,"",""
88,947,576,2021-09-01,4:00:27,20.8,-6.7,32.2,98,12.8,27.0,1015.4,90,155,4,0.7,8.6,ES,9,03:28:34,Inactivo
89,354,157,2024-08-03,17:22:49,6.9,4.6,33.4,50,9.7,62.4,1008.2,13,184,0,0.9,14.4,E,,"",""
90,4,587,2020-03-31,2:36:30,15.3,-5.0,31.3,75,1.1,32.6,1021.3,21,141,3,2.4,9.5,ES,12,03:08:33,Inactivo
91,858,6,2024-09-20,23:02:34,8.9,2.7,33.9,95,3.5,78.6,1015.5,61,29,10,1.8,6.6,EN,10,01:58:52,Inactivo
92,510,6,2024-11-24,18:07:02,18.3,-6.5,28.6,71,3.6,90.4,1011.4,52,21,10,0.2,10.1,NE,12,03:49:23,Activo
93,316,294,2021-08-06,4:07:17,13.5,2.3,32.7,22,3.3,11.6,1036.3,58,162,11,2.3,6.3,O,9,01:34:15,Inactivo
94,1,15,2022-03-14,20:46:17,16.8,1.3,27.6,73,1.0,62.1,1014.9,2,85,0,2.6,14.8,ES,15,01:33:54,Inactivo
95,744,556,2023-01-01,11:11:55,17.7,2.8,41.1,37,11.3,22.1,993.3,49,205,7,2.9,13.3,EN,50,05:44:52,Inactivo
96,8,296,2020-01-17,1:31:49,23.0,0.8,36.0,31,7.0,3.9,1004.6,61,202,0,0.5,13.9,OS,,"",""
97,6,892,2024-02-14,16:25:13,8.1,-2.6,36.7,90,9.5,77.4,1012.7,20,346,7,2.4,9.5,N,,"",""
98,8,9,2024-01-31,8:37:44,24.7,4.4,35.4,5,1.6,68.4,1007.9,99,112,6,2.2,12.3,NO,,"",""
99,7,2,2021-12-30,11:26:50,10.7,4.1,40.9,57,0.6,24.6,1006.8,18,144,0,1.4,7.3,NO,15,00:42:12,Inactivo
100,8,1,2020-01-01,12:02:45,7.1,-3.7,25.5,14,5.3,100.0,1008.7,26,49,2,0.8,11.8,ES,,"",""
101,2,180,2023-08-03,20:41:49,15.0,0.8,25.5,100,1.4,58.6,1003.0,73,176,6,2.3,10.3,SE,9,05:29:34,Inactivo
102,2,3,2020-11-13,11:30:21,14.6,-2.0,30.1,23,3.8,81.1,1008.0,98,320,9,2.5,7.0,ON,,"",""
103,940,46,2019-12-29,4:02:28,11.1,-5.0,38.3,38,0.3,11.7,1033.9,67,182,2,2.8,7.5,ES,,"",""
104,974,4,2022-12-22,1:28:51,21.1,0.5,39.6,39,11.6,87.3,1016.0,17,41,11,2.9,7.7,O,27,05:58:39,Inactivo
105,171,180,2021-11-11,6:34:33,11.7,2.8,32.1,99,12.9,85.3,1017.8,44,291,8,2.1,8.9,E,,"",""
106,967,2,2024-05-18,4:25:19,9.9,3.0,36.8,17,2.9,78.5,1034.8,5,158,11,0.6,7.1,NE,,"",""
107,561,4,2024-02-07,16:12:34,13.6,5.2,37.5,16,11.4,98.7,1031.6,18,304,10,2.4,7.6,NO,8,02:04:35,Inactivo
108,230,629,2021-12-28,19:46:31,9.5,-6.0,38.9,32,6.2,39.9,1002.5,74,31,11,1.1,7.8,E,,"",""
109,5,4,2020-05-18,1:54:01,17.7,-0.4,34.6,90,10.8,64.3,1008.7,6,217,8,0.7,8.4,SO,34,04:57:29,Inactivo
110,660,3,2024-05-23,19:12:25,9.6,0.7,33.7,32,0.7,1.3,1019.0,93,237,5,2.3,14.3,E,,"",""
111,278,193,2024-04-02,18:32:49,19.6,-1.6,30.5,17,0.6,4.9,1022.2,45,318,9,1.3,7.1,SO,12,02:52:05,Inactivo
112,517,9,2021-10-08,6:41:01,14.2,-5.6,27.5,62,3.2,51.3,1031.6,14,53,3,1.3,12.3,O,,"",""
113,641,661,2024-10-13,17:24:03,20.2,-5.1,25.7,26,4.2,88.4,1032.4,18,256,11,1.8,5.5,O,,"",""
114,8,8,2022-07-13,6:17:30,25.2,5.4,30.3,15,10.1,11.2,1012.0,31,209,7,1.6,14.2,SO,,"",""
115,2,730,2021-03-17,14:20:25,18.7,1.8,35.4,21,2.2,16.4,1020.8,17,162,1,1.8,9.0,SE,15,00:02:45,Inactivo
116,2,644,2020-05-07,16:53:46,18.5,-4.7,30.2,58,9.7,66.1,1036.7,91,179,3,1.6,12.0,NE,9,02:19:26,Inactivo
117,738,961,2021-08-22,6:29:12,7.1,3.9,38.9,90,13.5,18.1,1022.1,43,95,8,0.8,5.2,ON,2,04:44:58,Inactivo
118,478,1,2022-05-29,23:02:56,6.9,-4.0,38.4,31,0.7,18.2,1032.0,45,76,11,1.3,7.9,S,,"",""
119,830,7,2023-12-29,22:28:44,10.5,-4.8,34.2,67,1.2,53.9,1016.0,63,147,11,1.3,8.2,NE,41,05:29:42,Inactivo
120,723,738,2020-08-08,1:19:58,24.2,-2.7,34.6,40,12.5,5.5,1011.5,21,252,5,0.2,8.5,ON,,"",""
121,857,1,2020-06-14,13:12:22,10.3,-4.3,35.7,100,0.9,0.9,994.6,86,149,6,0.5,5.0,EN,6,05:52:27,Inactivo
122,6,906,2021-11-08,20:30:05,20.8,1.6,39.1,30,13.5,34.7,1003.5,13,188,4,0.0,5.9,E,12,03:13:41,Inactivo
123,7,7,2020-11-17,15:57:54,16.9,-5.2,28.2,68,6.7,53.1,1030.8,91,280,3,0.5,14.8,ES,,"",""
124,678,627,2023-01-24,14:27:16,19.6,5.8,35.1,70,1.4,61.4,1023.7,70,345,2,2.6,14.1,NO,,"",""
125,917,7,2024-08-11,4:05:04,7.7,-0.9,40.8,1,5.5,79.1,1003.6,88,215,6,1.5,13.8,NO,,"",""
126,8,2,2022-10-06,17:19:49,11.0,2.5,34.5,57,11.3,30.7,1037.2,81,335,1,2.9,10.4,S,40,05:12:11,Inactivo
127,517,832,2021-03-11,15:35:52,20.7,-6.0,40.2,56,12.8,78.1,1008.6,66,92,8,2.7,12.7,ON,,"",""
128,866,137,2020-11-06,21:44:40,23.7,-3.3,27.5,99,8.9,61.8,1036.3,97,181,11,1.1,12.1,EN,53,02:53:50,Inactivo
129,3,5,2023-03-01,0:45:58,15.2,-3.7,36.3,23,12.9,97.0,992.6,26,186,9,0.3,15.0,O,6,03:49:28,Inactivo
130,7,71,2021-10-24,23:52:46,15.9,-4.8,28.3,70,1.7,61.1,1004.3,57,83,5,1.0,13.3,E,39,05:36:53,Inactivo
131,1,3,2024-09-03,0:21:51,16.6,-2.7,32.1,14,6.5,96.3,1019.7,36,268,0,1.0,12.1,EN,69,05:44:23,Inactivo
132,481,40,2023-01-11,8:42:14,15.2,4.3,26.7,28,6.0,79.5,1009.8,8,238,9,0.0,13.5,NO,40,03:16:43,Inactivo
133,8,1,2020-05-03,10:11:55,20.2,0.7,41.2,62,10.0,11.8,1030.3,56,29,7,1.9,14.3,SE,23,00:18:06,Inactivo
134,482,154,2024-05-17,18:15:48,7.8,-3.3,30.1,49,6.8,20.5,1028.4,6,138,9,0.7,7.3,NO,44,04:55:12,Inactivo
135,201,6,2024-06-17,11:25:42,21.4,5.6,32.8,78,4.3,73.6,1008.9,96,151,2,0.4,8.1,OS,,"",""
136,797,5,2024-10-24,20:38:11,10.5,3.0,36.5,35,6.3,30.1,1019.3,20,301,7,1.9,12.4,OS,72,03:45:02,Inactivo
137,2,828,2023-04-15,11:24:36,14.4,0.9,35.7,0,3.8,17.0,1019.5,26,254,10,1.9,6.8,N,80,00:28:27,Inactivo
138,932,687,2023-12-16,7:22:23,7.4,-0.2,39.4,54,1.6,95.3,997.3,78,134,2,0.1,9.9,SE,64,01:44:33,Inactivo
139,7,6,2022-11-21,0:24:50,11.5,0.6,27.9,48,9.1,4.2,1008.1,25,328,9,1.0,7.5,E,9,04:45:25,Inactivo
140,100,744,2021-08-05,12:16:27,22.7,1.8,30.4,58,9.6,81.8,999.3,43,84,0,1.2,14.1,OS,7,04:57:42,Inactivo
141,688,1,2020-09-01,3:55:30,20.1,-3.2,39.6,81,7.0,26.4,998.1,92,311,11,3.0,13.8,NO,8,04:17:32,Inactivo
142,50,1,2022-04-17,5:32:55,7.4,-0.1,25.3,57,2.9,0.1,1031.2,94,217,10,1.4,14.9,ES,10,02:34:12,Inactivo
143,865,572,2023-09-09,4:58:04,16.1,2.2,38.2,25,4.2,80.9,1036.9,56,291,0,2.5,5.8,EN,10,02:50:19,Inactivo
144,4,6,2022-11-12,22:59:00,10.6,5.8,26.8,15,9.9,12.3,998.8,30,223,11,1.7,12.3,S,,"",""
145,379,774,2022-01-07,7:53:06,23.0,0.7,40.6,34,12.7,11.6,1034.8,81,312,9,0.6,5.7,S,9,04:09:01,Inactivo
146,798,76,2023-08-19,15:55:58,21.4,2.6,29.6,16,2.7,75.8,996.8,34,124,6,1.7,9.1,O,1,02:45:49,Inactivo
147,717,39,2023-08-03,9:07:53,16.1,-4.9,26.4,79,2.3,15.1,1001.2,74,85,5,0.6,14.2,SE,,"",""
148,3,541,2024-06-04,20:04:20,14.8,5.1,34.9,47,12.0,91.8,1031.0,17,10,9,0.3,6.9,SO,53,01:15:59,Inactivo
149,117,88,2022-02-16,8:26:37,14.9,1.9,41.1,70,13.3,39.2,1014.7,83,299,1,1.6,14.3,N,,"",""
150,4,8,2021-10-12,7:21:14,17.7,-2.4,30.9,24,0.5,15.3,1025.6,6,83,5,2.9,11.8,O,,"",""
151,1,44,2021-11-10,14:38:17,22.6,4.5,34.7,37,11.6,14.4,1006.4,24,164,7,0.3,12.5,SE,,"",""
152,9,644,2020-04-20,14:35:01,11.1,1.3,25.5,81,12.3,78.8,1030.6,51,214,6,2.2,13.8,SO,,"",""
153,297,671,2024-07-12,3:17:18,12.8,4.6,30.1,21,8.5,78.9,992.2,71,64,6,2.0,9.9,NE,47,04:23:28,Inactivo
154,688,4,2024-08-30,19:56:49,7.2,-3.4,39.2,95,8.4,36.2,1013.9,95,141,0,2.3,5.0,N,11,02:04:26,Inactivo
155,855,360,2023-01-07,20:50:10,20.2,-2.8,26.4,52,8.8,28.2,994.7,44,127,8,1.3,11.0,NE,,"",""
156,456,3,2021-08-07,2:05:39,13.9,-0.8,27.7,40,6.1,25.4,1030.2,15,195,6,2.6,12.6,ON,,"",""
157,386,1,2021-05-19,7:23:01,25.0,-5.1,39.7,53,11.5,34.8,1033.6,42,340,10,2.1,6.2,EN,7,05:20:18,Inactivo
158,271,9,2021-06-21,9:20:25,24.0,5.8,33.5,55,9.0,57.4,1018.0,1,347,6,1.4,10.7,EN,,"",""
159,1,10,2023-02-17,8:03:54,12.1,3.5,32.6,70,3.6,59.2,1019.5,57,239,9,1.3,12.5,ON,,"",""
160,7,898,2022-06-30,6:27:29,22.7,3.3,26.9,22,1.9,48.2,1018.3,57,44,8,1.0,8.6,ES,10,00:33:17,Inactivo
161,839,209,2024-10-16,23:54:37,15.5,-0.8,36.8,36,8.7,85.2,1013.8,17,93,11,0.9,8.7,NO,71,02:50:57,Inactivo
162,3,58,2022-08-07,8:09:51,11.0,-1.7,25.4,96,0.7,68.7,1023.8,25,299,10,2.8,5.1,SE,38,05:02:28,Inactivo
163,622,363,2020-09-01,22:27:19,17.1,-6.4,32.8,27,1.1,22.9,1017.3,34,271,1,0.1,8.6,OS,7,04:19:54,Inactivo
164,405,3,2023-01-12,20:23:29,13.1,3.3,27.4,39,0.7,44.1,1035.1,93,239,10,1.2,6.4,NE,,"",""
165,670,7,2024-11-26,1:29:07,7.1,4.2,33.6,35,10.2,15.0,1007.7,70,348,6,1.1,13.2,SE,,"",""
166,871,656,2023-10-15,12:17:13,13.1,-0.6,38.1,23,8.8,20.4,1006.4,15,109,6,0.7,7.6,O,,"",""
167,513,313,2021-05-01,19:03:00,9.7,-4.8,28.0,20,0.7,37.3,1028.2,94,163,8,1.8,10.5,ON,,"",""
168,128,169,2023-09-15,20:40:45,22.5,-3.3,36.9,74,6.8,95.0,1025.1,1,231,8,3.0,11.0,N,4,02:31:21,Inactivo
169,1,322,2022-02-26,0:39:14,21.7,-3.5,28.2,78,3.3,67.8,1022.6,71,13,1,2.2,8.9,ON,,"",""
170,1,261,2023-04-02,23:37:08,10.2,4.3,29.0,28,6.9,19.7,1022.5,53,233,11,2.3,11.8,E,,"",""
171,766,928,2020-01-09,0:22:17,16.8,2.5,37.3,26,3.3,84.3,993.5,23,234,5,0.5,11.6,NO,10,02:54:10,Inactivo
172,547,2,2020-11-20,11:44:47,24.3,-4.6,29.7,0,10.7,42.2,1016.7,19,56,7,3.0,12.1,SE,,"",""
173,328,32,2023-08-16,0:13:21,20.3,-6.2,39.9,88,4.0,21.9,1021.5,7,169,10,0.0,8.1,ON,80,03:31:27,Inactivo
174,8,89,2022-06-29,7:33:36,14.4,-4.4,27.5,59,12.4,97.2,999.4,57,194,7,3.0,5.1,O,,"",""
175,401,514,2021-09-10,17:50:21,13.3,-3.5,27.7,22,1.8,69.4,1036.5,94,216,0,2.2,12.9,OS,5,04:53:10,Inactivo
176,4,19,2023-12-21,12:58:47,22.3,-5.3,35.1,49,3.2,75.3,1008.0,84,123,5,1.8,10.8,NO,73,00:36:37,Inactivo
177,676,695,2024-06-14,10:29:31,12.2,0.5,32.0,94,12.4,8.2,993.9,83,236,11,1.1,7.5,N,38,04:16:17,Inactivo
178,72,9,2023-01-13,17:13:21,17.7,-5.7,38.1,46,8.6,94.5,1005.9,100,197,1,1.1,12.4,O,2,01:10:30,Inactivo
179,234,341,2022-11-08,12:14:59,20.0,-0.1,33.9,52,9.3,1.9,1020.4,28,327,6,0.3,8.4,ON,,"",""
180,490,172,2024-03-02,8:55:11,21.3,-1.2,32.6,64,13.6,19.2,1026.1,4,269,6,1.1,10.2,N,7,05:24:38,Inactivo
181,3,7,2023-04-23,3:39:43,13.2,1.5,35.8,47,0.5,92.1,1010.8,23,141,11,1.3,11.4,O,,"",""
182,920,811,2022-10-29,5:58:47,8.6,-0.4,38.7,58,1.2,97.0,1030.1,66,75,6,0.2,8.0,N,4,03:01:16,Inactivo
183,981,77,2022-01-28,23:30:54,23.6,-2.1,29.6,53,4.9,63.8,1028.5,8,93,10,1.3,14.2,NE,,"",""
184,2,10,2021-10-29,19:40:26,13.0,3.3,27.6,11,3.5,62.0,1013.9,6,141,1,1.6,10.6,NO,,"",""
185,3,8,2021-07-24,19:21:58,20.1,4.3,34.7,18,8.7,12.4,1002.4,26,75,5,0.8,7.6,SO,8,04:38:44,Inactivo
186,552,733,2024-05-25,5:23:24,17.0,-1.2,28.1,87,11.5,70.0,1035.3,37,298,10,2.9,13.6,N,40,01:13:16,Inactivo
187,369,612,2024-11-12,16:01:53,24.6,5.3,30.4,73,2.3,25.6,999.9,48,254,2,1.7,11.1,OS,,"",""
188,346,427,2022-12-17,15:37:55,23.3,5.9,33.9,84,0.2,26.5,1018.7,70,78,10,1.1,7.8,EN,,"",""
189,462,6,2024-09-29,14:58:57,10.3,3.5,27.0,76,9.7,45.6,1006.5,34,152,6,1.4,8.6,E,48,00:31:52,Inactivo
190,365,493,2023-01-23,19:43:54,17.2,3.5,26.7,83,6.6,7.0,1021.3,73,238,0,0.5,14.2,O,,"",""
191,199,9,2021-01-04,1:37:26,20.5,1.5,39.5,14,1.9,51.4,1029.2,6,42,3,2.1,5.1,O,,"",""
192,690,759,2023-06-05,15:31:19,16.2,2.7,26.4,33,1.2,95.8,1023.9,92,306,4,1.6,12.9,O,,"",""
193,76,325,2023-06-28,16:32:28,13.6,-3.6,36.9,17,4.9,54.9,1005.0,82,360,6,1.3,14.1,N,28,04:54:42,Inactivo
194,378,1,2023-11-13,16:59:22,20.2,-3.7,32.1,34,9.1,80.6,1015.6,48,136,11,0.7,12.0,SO,,"",""
195,7,1,2023-03-28,9:17:48,15.9,-1.2,37.5,23,6.8,53.8,1030.3,24,131,5,0.6,13.5,N,7,00:28:25,Inactivo
196,417,13,2023-01-07,8:41:52,24.1,-0.3,29.7,55,12.9,38.5,1000.3,1,71,8,2.4,13.7,NO,15,05:42:51,Inactivo
197,237,485,2022-12-24,11:39:58,24.2,0.1,40.6,19,8.1,73.6,1025.2,45,131,8,0.7,9.3,ON,19,02:31:04,Inactivo
198,397,85,2019-12-16,12:04:59,7.6,-6.3,36.4,62,8.0,29.3,1017.1,18,55,3,2.9,9.2,NE,5,04:57:07,Inactivo
199,1000,5,2022-08-29,8:14:54,23.3,2.9,36.6,36,6.3,75.3,1029.3,13,248,2,2.3,5.4,N,5,04:54:12,Inactivo
200,974,3,2022-11-01,16:15:32,21.4,-3.1,33.7,75,3.5,40.5,1022.1,96,18,4,0.8,6.1,E,,"",""
201,5,3,2022-09-14,11:31:46,11.3,4.0,28.5,65,0.3,86.2,1034.7,35,154,10,1.1,5.0,S,,"",""
202,8,139,2023-05-04,13:42:46,9.7,5.1,36.6,28,9.4,29.7,1018.5,61,65,3,2.1,13.1,ES,,"",""
203,127,636,2021-11-21,19:42:57,22.5,2.1,35.5,2,2.4,72.0,1021.1,78,220,9,1.5,13.5,OS,,"",""
204,3,790,2022-07-26,4:45:55,23.4,-4.5,39.7,38,6.6,41.6,1026.7,40,88,10,1.0,13.5,ES,,"",""
205,497,518,2022-12-19,9:05:27,19.8,5.7,41.0,78,11.6,54.1,1024.9,16,105,6,1.3,10.2,E,4,03:46:19,Inactivo
206,234,543,2021-02-13,11:47:15,17.5,-3.3,39.1,35,12.9,31.5,1001.7,38,286,10,1.7,8.9,ON,10,03:59:46,Inactivo
207,4,500,2019-12-13,20:07:44,22.9,3.2,37.9,1,10.7,38.2,1007.1,35,210,11,0.3,6.8,ON,3,02:44:04,Inactivo
208,896,9,2021-03-09,2:00:44,21.5,-5.6,33.2,86,5.6,27.5,1021.6,60,1,11,2.7,13.4,NO,,"",""
209,2,245,2020-04-15,1:34:00,20.1,4.0,26.1,80,12.6,87.2,1026.1,6,114,7,0.5,10.2,S,,"",""
210,3,5,2021-05-20,17:54:44,9.2,3.6,29.8,83,3.0,25.7,1013.5,46,356,7,2.7,9.3,ES,4,03:05:49,Inactivo
211,4,121,2020-08-19,10:45:38,23.4,0.6,26.0,67,9.4,43.2,1036.9,99,199,5,2.0,14.4,ON,,"",""
212,6,7,2020-02-16,23:33:16,22.7,-4.4,26.8,43,5.5,96.4,1011.5,76,22,8,1.7,11.3,SE,15,00:27:53,Inactivo
213,4,853,2024-06-25,21:59:41,9.6,-2.2,26.0,75,5.9,55.5,1007.0,44,125,11,1.4,15.0,ES,10,05:14:02,Inactivo
214,858,698,2020-12-26,11:31:06,12.1,0.0,27.3,19,1.2,27.8,1023.4,32,348,0,1.4,6.5,N,,"",""
215,913,656,2020-09-16,22:40:53,11.2,-6.6,32.2,92,9.1,32.6,1005.1,54,225,11,2.3,11.8,S,1,04:56:10,Inactivo
216,109,956,2020-08-12,9:40:22,16.8,1.7,25.5,33,4.1,20.6,995.0,88,302,0,2.0,12.3,ON,,"",""
217,77,8,2021-06-14,11:48:41,9.5,2.0,36.1,0,13.6,65.2,1032.2,98,180,9,2.7,14.3,SE,,"",""
218,8,753,2021-12-11,13:28:29,12.2,5.1,29.5,75,2.4,63.9,1030.4,23,336,0,1.3,8.5,S,,"",""
219,660,361,2024-01-27,13:27:27,21.5,-0.6,28.5,33,4.2,63.8,1006.0,70,201,3,1.9,6.1,ON,,"",""
220,295,8,2024-09-20,10:22:13,23.0,4.4,40.7,65,11.9,27.5,1018.4,29,79,3,0.8,9.5,O,,"",""
221,1,845,2024-10-26,19:35:25,10.9,4.1,39.6,48,1.3,9.1,1004.0,54,83,7,1.0,7.4,SE,,"",""
222,548,6,2024-11-12,17:23:26,22.1,5.7,34.1,90,2.4,61.6,1027.5,39,11,7,1.2,9.5,OS,15,02:04:30,Activo
223,657,4,2020-04-14,14:16:48,9.4,-3.2,32.3,54,6.4,67.5,1007.3,28,155,8,1.3,13.9,NO,1,02:35:50,Inactivo
224,825,566,2023-04-09,8:16:18,15.2,-5.8,29.4,30,6.7,38.2,1022.0,40,191,7,0.6,10.3,SE,,"",""
225,858,6,2023-07-18,3:26:07,15.4,2.7,25.9,19,11.3,7.5,1030.4,3,266,1,0.3,13.6,NO,38,05:45:37,Inactivo
226,6,22,2024-03-16,20:34:19,11.4,3.2,38.7,24,10.4,10.6,1011.2,43,248,3,0.5,13.3,N,,"",""
227,6,9,2023-08-03,22:02:54,13.2,-2.3,33.5,50,9.9,84.7,1024.6,70,194,4,3.0,11.7,OS,,"",""
228,370,698,2023-09-11,23:11:52,7.2,-6.0,28.0,93,4.2,24.8,1011.2,67,310,7,1.1,5.5,OS,16,02:54:39,Inactivo
229,1,897,2022-08-15,23:41:51,9.0,5.8,29.9,55,4.1,13.3,1022.7,37,72,7,0.9,8.2,NE,,"",""
230,3,385,2022-11-18,13:27:13,23.9,4.9,25.3,39,11.6,54.8,1033.8,37,25,0,1.4,10.4,O,15,04:30:35,Inactivo
231,720,479,2020-06-26,11:55:14,9.1,-4.5,33.3,67,9.5,39.5,1015.8,18,158,10,1.0,8.7,ES,3,01:02:10,Inactivo
232,4,91,2024-07-21,23:18:40,21.5,-1.1,36.2,22,7.1,71.1,1003.1,51,197,0,2.1,13.5,SE,,"",""
233,8,379,2023-12-28,8:14:17,19.5,3.6,34.6,88,11.9,24.3,1008.6,76,127,4,1.7,11.1,S,,"",""
234,801,30,2023-05-23,20:44:46,11.4,-3.4,40.1,57,2.6,71.5,1000.9,67,54,9,0.9,6.9,EN,,"",""
235,31,1,2020-10-02,1:48:46,7.5,5.4,27.4,61,13.2,84.0,1036.0,71,113,9,1.1,12.4,S,73,03:34:42,Inactivo
236,6,6,2021-03-25,17:52:38,9.6,-6.4,38.4,18,2.1,20.7,1014.7,92,72,10,2.6,9.2,SE,,"",""
237,812,118,2024-11-10,9:04:13,22.3,3.8,28.1,55,0.9,63.0,1016.6,26,197,9,2.6,7.2,N,,"",""
238,6,872,2022-10-16,3:45:12,23.3,3.9,35.3,82,2.0,79.6,1033.0,9,86,11,0.6,10.7,SO,,"",""
239,4,8,2021-04-28,21:56:34,7.1,-1.4,29.0,35,6.7,67.3,1021.4,91,109,11,0.4,6.2,SE,69,05:01:19,Inactivo
240,1,1,2023-06-18,3:23:52,18.1,5.2,40.9,10,10.1,21.7,992.9,95,73,2,1.4,13.7,N,,"",""
241,286,227,2023-06-02,23:16:37,23.6,4.4,35.7,81,1.4,40.2,1013.2,79,24,5,2.4,14.3,ON,,"",""
242,794,646,2022-02-18,14:34:30,21.5,4.2,36.6,16,5.6,97.3,1027.8,84,13,2,3.0,5.7,NE,,"",""
243,610,472,2020-11-27,4:04:34,24.6,-1.1,30.3,24,2.5,73.7,1022.7,79,178,0,0.4,10.9,E,6,03:12:59,Inactivo
244,1,260,2024-09-21,3:41:21,19.3,3.9,40.5,61,1.0,9.7,1034.9,74,230,2,2.5,7.9,E,,"",""
245,698,966,2024-10-25,10:35:47,17.6,5.1,25.6,48,2.3,30.7,1015.9,72,185,2,2.3,14.3,OS,2,03:19:37,Inactivo
246,8,626,2020-04-19,9:58:36,19.7,-3.4,27.0,4,1.8,28.0,1035.9,72,267,6,0.0,11.9,ES,,"",""
247,697,304,2022-12-31,18:16:00,25.0,0.5,35.4,98,2.3,70.6,997.0,76,300,11,1.4,10.3,S,,"",""
248,574,331,2023-02-03,11:18:59,24.1,3.2,32.3,78,8.3,83.2,1011.6,57,90,5,0.0,13.4,ES,,"",""
249,648,970,2024-09-07,11:58:47,18.4,-2.4,40.2,87,4.5,69.8,1001.9,92,37,1,0.9,13.8,SO,,"",""
250,636,8,2020-07-15,10:43:04,16.9,1.7,29.9,37,0.2,11.2,1008.3,66,218,7,1.4,7.5,O,,"",""
251,927,771,2021-12-20,13:06:08,11.8,-1.0,26.9,98,2.8,41.8,1020.9,22,285,1,0.9,13.3,O,4,03:30:39,Inactivo
252,601,4,2022-05-15,3:44:32,14.7,2.1,36.8,66,5.3,77.2,1001.3,23,156,4,0.9,13.5,ON,79,02:48:17,Inactivo
253,639,7,2020-12-18,14:37:17,18.8,-3.7,32.9,48,9.0,32.0,994.2,99,278,6,1.7,7.7,NO,11,03:40:19,Inactivo
254,8,4,2022-12-27,21:45:25,20.3,1.8,36.2,87,3.4,37.0,999.7,64,281,9,2.4,5.8,E,,"",""
255,333,8,2023-06-12,15:11:32,11.8,2.9,40.6,22,8.7,93.1,1021.8,70,310,4,2.6,12.7,SO,,"",""
256,704,4,2023-07-29,8:16:34,15.6,-0.9,25.2,82,8.1,25.9,1026.4,59,244,11,2.7,5.6,E,,"",""
257,739,8,2020-01-27,15:15:52,10.0,-6.1,25.9,84,2.9,88.8,1009.8,98,153,10,0.6,8.8,NE,,"",""
258,616,131,2023-03-14,1:49:17,18.4,-4.0,40.1,70,4.3,48.1,1015.0,22,82,5,0.8,14.7,NO,,"",""
259,1,576,2022-01-02,7:53:22,9.3,-5.6,27.2,54,8.5,87.2,1004.0,80,304,5,1.4,9.9,N,6,01:07:41,Inactivo
260,3,275,2024-05-25,17:16:53,22.0,-1.2,35.2,21,13.0,4.3,1007.8,59,120,3,0.9,10.6,EN,11,03:47:00,Inactivo
261,18,8,2022-01-05,23:07:59,16.5,1.0,30.5,70,4.1,33.3,1007.9,19,84,5,0.8,7.0,SO,,"",""
262,645,7,2023-10-02,7:43:57,18.8,1.1,33.0,87,11.5,65.8,1034.0,63,227,10,0.0,6.4,S,,"",""
263,209,97,2023-05-24,2:36:42,24.8,-2.7,33.2,8,13.3,23.2,1012.0,30,121,3,0.3,8.7,ES,,"",""
264,5,275,2024-08-08,22:04:31,24.3,0.7,36.8,55,2.9,57.3,996.1,18,319,4,2.9,5.2,EN,,"",""
265,732,136,2022-03-18,8:01:51,10.6,-1.6,26.1,46,3.8,86.8,1006.5,6,267,3,2.8,11.3,E,5,04:19:11,Inactivo
266,5,215,2024-09-06,5:11:15,7.1,3.5,36.9,93,1.2,76.4,1035.3,40,278,10,0.4,5.6,NO,54,05:20:25,Inactivo
267,8,119,2020-03-01,14:27:39,11.5,3.8,31.0,88,7.9,94.2,1022.5,4,60,4,2.9,9.8,NE,,"",""
268,1,685,2023-10-04,9:24:52,18.8,0.5,37.3,11,0.2,17.8,999.4,68,32,4,2.1,14.5,OS,,"",""
269,5,836,2021-05-23,4:32:33,15.8,2.1,26.4,28,5.3,62.9,994.5,40,333,9,0.7,11.9,EN,,"",""
270,460,143,2022-10-30,12:24:34,15.3,2.8,27.3,32,7.4,24.0,1011.9,97,294,2,0.8,14.3,E,,"",""
271,524,99,2020-01-03,22:14:08,8.0,-2.6,34.5,61,1.3,46.1,1016.8,56,313,3,1.0,9.1,O,4,03:32:30,Inactivo
272,963,701,2022-12-22,5:53:42,12.0,4.4,27.6,90,11.3,0.2,994.5,88,350,0,1.3,11.2,NE,29,04:27:52,Inactivo
273,548,10,2024-09-05,3:31:23,12.2,-0.6,28.1,27,5.0,77.0,1022.6,67,61,1,0.9,12.4,N,31,03:57:59,Inactivo
274,2,2,2022-09-22,5:21:25,21.8,-4.8,39.6,86,2.1,1.9,995.9,21,83,2,1.7,9.4,SO,4,00:37:55,Inactivo
275,559,3,2022-03-13,20:05:07,9.4,-1.7,26.3,59,4.4,17.6,1034.1,47,73,9,2.0,11.2,E,,"",""
276,1,504,2020-07-15,6:46:13,18.4,2.1,34.5,8,11.0,49.5,1035.3,34,292,5,2.8,10.5,ES,,"",""
277,4,771,2023-10-21,16:16:48,20.4,-0.4,41.1,49,2.7,45.3,1009.2,98,289,1,2.2,10.0,ES,,"",""
278,56,328,2023-10-20,19:47:20,15.7,3.9,28.0,27,2.7,80.2,1002.5,22,272,4,0.9,13.7,SO,,"",""
279,354,409,2022-07-03,9:36:23,24.5,-0.7,26.6,93,4.9,60.9,1036.0,50,207,8,1.6,6.4,SE,,"",""
280,704,3,2023-04-24,3:47:11,13.3,-6.0,40.6,2,5.0,90.3,993.6,99,330,5,2.4,7.4,OS,13,02:05:51,Inactivo
281,652,942,2022-10-11,13:54:03,13.2,-6.2,33.5,49,12.8,46.7,1016.8,71,80,2,1.9,12.8,NE,14,04:54:06,Inactivo
282,370,820,2023-08-25,8:53:45,11.3,-0.6,35.9,67,9.6,19.4,1024.3,20,76,1,1.4,6.3,N,9,04:21:40,Inactivo
283,830,594,2023-03-31,8:39:17,21.0,0.8,31.2,14,8.5,2.4,1001.1,42,355,8,0.1,6.9,E,,"",""
284,774,434,2022-10-19,2:31:06,14.9,3.3,39.8,59,1.2,55.3,1027.1,65,128,3,2.7,6.8,E,37,03:28:56,Inactivo
285,4,169,2022-05-24,1:12:27,17.9,4.3,28.7,34,3.4,7.7,1022.3,73,167,2,2.3,9.7,ON,63,00:26:45,Inactivo
286,462,3,2021-05-16,3:23:39,15.2,-4.5,39.5,3,0.7,50.5,1000.1,55,182,3,0.8,12.9,SO,17,05:34:34,Inactivo
287,333,3,2020-12-13,9:40:39,22.3,-1.9,38.4,71,11.4,32.6,1011.6,44,103,1,0.3,7.3,SE,,"",""
288,255,4,2022-01-23,21:28:36,7.7,4.4,40.0,75,5.6,87.0,1003.8,10,356,11,0.2,9.8,ON,,"",""
289,6,2,2020-10-25,2:06:28,11.3,1.4,31.8,31,12.8,44.5,997.2,51,16,10,1.9,5.7,ES,14,04:44:46,Inactivo
290,578,9,2022-10-20,10:36:33,12.2,-5.4,36.4,15,7.4,32.0,1016.8,76,117,2,1.0,8.7,ON,44,05:13:32,Inactivo
291,7,279,2024-09-25,9:07:47,22.5,-5.9,40.4,42,8.7,12.8,1008.0,90,301,7,0.4,8.3,NO,,"",""
292,697,2,2021-04-01,14:19:12,11.1,-1.5,40.3,58,5.6,36.6,1014.0,100,3,4,1.9,7.8,SO,18,00:05:41,Inactivo
293,241,353,2020-01-15,6:49:31,13.4,-1.6,40.8,45,7.6,62.0,1028.6,63,256,0,2.8,12.2,OS,,"",""
294,3,105,2020-04-14,4:00:14,9.0,-2.0,38.7,9,11.4,59.9,993.7,8,176,6,1.7,5.8,ON,72,03:33:00,Inactivo
295,797,429,2024-03-15,23:31:30,19.7,-4.6,26.3,23,6.2,12.8,1033.0,57,325,9,2.5,9.8,ON,7,02:20:05,Inactivo
296,5,115,2024-01-26,9:28:44,10.3,4.3,34.7,27,9.9,77.5,992.9,87,159,3,0.0,12.4,NO,,"",""
297,309,2,2023-09-29,15:48:03,11.3,5.1,27.0,59,9.7,12.0,994.7,85,44,2,2.1,12.2,S,,"",""
298,726,3,2023-11-10,21:46:58,15.0,0.2,32.3,99,13.2,31.0,1018.6,23,190,3,0.7,6.4,NE,35,02:19:59,Inactivo
299,33,622,2023-01-18,5:57:26,24.0,-5.8,27.8,70,12.2,95.6,1002.3,10,129,8,2.2,10.9,S,15,00:05:13,Inactivo
300,7,504,2024-06-08,15:17:39,17.6,5.7,34.8,7,4.1,12.0,1031.9,10,353,11,1.8,7.3,O,6,02:56:46,Inactivo
301,1,925,2022-04-01,9:39:33,19.9,-3.3,36.6,29,5.8,37.2,1019.5,38,213,10,0.7,10.8,ES,,"",""
302,767,7,2024-10-03,7:26:35,16.4,3.7,33.9,66,7.0,11.1,999.5,88,315,1,1.7,8.0,E,9,01:27:02,Inactivo
303,115,896,2024-11-07,4:40:15,12.1,-4.5,38.7,75,4.8,8.3,1028.6,47,38,9,0.1,5.3,SE,7,05:00:27,Activo
304,97,1,2023-12-25,16:55:11,15.5,-6.4,29.5,35,8.4,49.3,1007.2,93,187,11,2.1,11.5,ES,1,04:13:33,Inactivo
305,424,1,2024-05-08,20:03:07,15.4,-3.4,30.1,16,11.3,21.0,998.8,52,45,11,0.2,9.3,N,,"",""
306,441,7,2021-11-04,9:23:25,23.0,2.0,27.9,93,2.4,4.6,1034.7,97,245,2,0.2,11.6,EN,,"",""
307,6,6,2021-12-13,4:54:59,6.9,2.4,37.5,57,12.3,23.2,1008.8,39,122,6,2.3,11.2,N,18,03:48:04,Inactivo
308,82,141,2021-01-24,16:50:28,11.6,2.1,25.2,80,2.8,88.9,1037.2,33,236,4,0.9,9.6,O,,"",""
309,841,856,2023-09-13,0:41:50,11.2,-3.1,37.2,28,7.9,49.3,1004.6,60,225,7,0.3,6.9,E,,"",""
310,300,866,2022-09-25,13:52:12,14.3,-1.1,33.7,70,11.7,28.5,1003.1,55,144,10,0.0,13.6,O,13,04:03:26,Inactivo
311,436,8,2022-09-01,23:53:56,22.4,-3.4,35.4,55,7.8,41.5,1031.7,28,241,11,1.3,10.9,N,,"",""
312,591,7,2022-07-23,17:20:22,17.5,5.6,39.6,18,12.3,99.5,1009.8,79,165,3,2.6,7.7,E,2,00:49:52,Inactivo
313,385,1,2024-11-19,21:45:23,8.8,4.5,29.6,26,1.3,53.0,1007.9,64,88,4,2.9,9.7,N,9,03:10:38,Activo
314,955,150,2024-03-13,1:14:30,6.5,0.8,27.0,42,7.8,65.2,1032.7,20,196,8,0.6,13.4,NO,14,05:05:45,Inactivo
315,649,10,2024-07-18,15:34:11,14.1,-5.8,25.3,34,0.3,39.7,1018.2,100,343,11,1.9,6.4,EN,10,00:32:02,Inactivo
316,717,715,2022-02-28,21:34:51,20.5,2.7,38.8,66,6.1,8.9,1014.1,31,205,11,0.0,13.7,SO,26,02:04:18,Inactivo
317,5,8,2022-10-28,5:55:19,24.3,-4.1,32.8,83,9.2,20.0,1021.4,24,215,1,2.6,14.4,O,,"",""
318,76,4,2020-07-28,11:41:52,20.8,-6.3,31.0,45,12.5,30.2,993.0,31,53,11,2.2,8.9,EN,,"",""
319,792,5,2020-11-18,7:35:47,21.4,-3.3,34.9,66,2.3,29.4,994.0,5,37,7,1.2,5.5,S,,"",""
320,978,956,2023-02-06,18:45:50,9.1,-1.5,40.7,83,4.8,79.7,1035.0,32,151,9,1.9,5.0,ON,,"",""
321,189,789,2024-08-01,15:22:09,9.7,5.6,35.2,76,2.0,1.5,1011.8,12,57,0,2.9,7.9,EN,,"",""
322,412,4,2023-09-14,13:37:06,10.2,1.9,30.1,15,3.2,64.5,1034.8,92,4,0,1.5,6.9,NE,1,04:48:29,Inactivo
323,115,829,2023-01-05,2:57:52,14.1,-2.6,27.1,80,7.8,89.7,1029.4,53,351,1,1.3,12.2,NE,,"",""
324,461,121,2021-02-08,23:19:54,10.5,5.0,38.8,75,11.6,50.1,1017.7,35,333,10,2.1,9.6,OS,,"",""
325,872,6,2020-12-31,20:28:16,8.3,4.5,30.2,50,5.0,26.9,1027.4,3,101,4,2.3,5.6,OS,14,02:47:08,Inactivo
326,223,8,2024-04-07,23:26:20,12.3,-6.6,35.0,7,0.7,22.8,992.1,57,264,1,2.4,6.8,S,2,03:45:28,Inactivo
327,3,696,2022-01-03,11:27:54,7.2,4.4,40.5,69,9.1,59.3,1000.6,3,255,7,1.7,11.5,E,12,04:49:42,Inactivo
328,161,9,2020-12-24,2:52:21,6.1,5.0,27.8,94,0.5,6.9,1004.3,7,86,9,3.0,5.1,N,12,04:47:15,Inactivo
329,196,7,2020-11-08,22:39:08,16.3,-4.9,34.8,88,0.6,17.3,1012.6,69,138,3,1.8,14.2,EN,38,03:08:24,Inactivo
330,91,6,2020-12-29,9:15:39,11.6,0.8,39.4,0,7.3,99.4,1010.0,86,319,11,0.8,8.3,SO,,"",""
331,2,7,2022-03-31,0:05:43,12.4,2.6,26.0,88,2.5,62.2,1010.8,10,276,10,0.4,8.7,E,,"",""
332,994,2,2020-08-23,10:20:35,19.9,-2.3,33.7,85,13.4,15.0,998.8,24,22,3,2.5,14.1,ON,,"",""
333,628,3,2020-05-30,19:27:21,19.2,2.8,40.4,10,1.7,68.4,1009.7,1,128,7,2.5,6.0,ON,38,04:55:48,Inactivo
334,522,2,2020-07-27,18:30:06,6.1,-5.7,27.2,0,0.0,49.6,1035.3,31,265,7,1.2,15.0,O,3,01:41:31,Inactivo
335,773,902,2021-07-19,15:47:38,9.2,2.1,26.6,89,8.9,56.4,1032.1,45,54,2,0.1,6.6,ES,,"",""
336,827,57,2024-11-20,14:16:30,10.4,-6.7,25.8,72,8.1,20.9,1034.1,48,255,3,1.7,5.0,NO,7,04:44:30,Activo
337,496,362,2020-04-02,9:20:53,9.2,2.5,30.4,68,7.9,80.8,1015.0,58,163,1,2.2,9.5,NO,,"",""
338,680,4,2024-08-17,0:41:07,6.6,-3.9,31.9,80,3.7,99.9,1015.5,51,48,10,1.2,13.5,ON,,"",""
339,770,831,2023-11-05,11:34:08,12.9,4.7,28.9,38,13.3,83.0,1004.2,92,113,6,1.7,6.2,O,11,00:36:43,Inactivo
340,8,8,2021-08-13,14:32:46,7.9,-3.3,39.7,31,9.7,50.1,996.8,20,270,4,1.0,10.1,N,,"",""
341,205,4,2021-03-26,12:55:02,8.3,-5.9,25.3,86,3.4,7.1,1035.4,65,295,9,1.5,8.1,S,,"",""
342,659,4,2024-05-17,15:59:24,9.6,-2.2,26.5,51,13.5,74.8,1001.5,42,92,5,2.9,5.7,E,49,01:43:22,Inactivo
343,6,57,2024-03-30,20:19:31,8.8,-6.7,29.4,29,3.9,83.6,1025.4,15,17,9,0.4,9.8,SE,,"",""
344,84,1,2024-08-11,14:01:22,18.4,-4.0,34.8,19,7.8,81.6,1001.2,51,247,6,1.4,12.6,N,,"",""
345,458,5,2020-06-17,3:03:31,21.4,2.7,38.4,73,8.4,83.4,1021.0,66,20,7,1.3,6.4,N,,"",""
346,505,5,2023-10-15,21:49:57,12.4,-3.1,34.0,66,12.8,66.5,1012.0,39,197,10,2.9,11.7,NE,,"",""
347,853,447,2023-03-07,0:38:45,19.7,-2.1,26.4,24,5.9,68.8,990.6,4,342,11,1.6,12.8,N,23,04:59:36,Inactivo
348,42,5,2020-12-16,3:58:49,10.3,0.7,40.4,16,1.5,91.8,1014.0,25,212,7,0.1,12.9,EN,26,01:03:40,Inactivo
349,540,5,2020-12-10,8:06:28,17.0,-2.7,38.6,97,11.3,50.7,1011.5,14,237,2,0.2,14.9,EN,,"",""
350,3,969,2021-07-12,15:17:31,9.6,4.5,32.4,37,2.2,63.2,991.3,19,272,2,1.9,6.0,E,,"",""
351,93,588,2023-06-02,19:19:29,16.0,1.6,35.3,14,12.6,44.3,1003.8,19,148,0,0.9,9.4,ON,8,02:57:41,Inactivo
352,963,40,2019-12-16,10:20:30,7.1,0.4,29.4,44,4.0,23.0,991.3,72,99,1,2.3,7.6,ES,76,01:02:38,Inactivo
353,6,8,2020-06-29,17:24:58,20.4,-6.5,25.7,22,12.2,17.7,992.5,16,17,1,2.9,8.8,SO,,"",""
354,917,2,2020-04-03,18:04:30,17.2,-0.1,31.2,86,8.9,0.9,991.9,99,154,11,0.6,10.7,NO,1,03:41:15,Inactivo
355,6,732,2023-07-14,19:48:01,9.8,2.1,39.0,39,12.3,51.8,1013.9,4,61,7,1.8,9.0,OS,,"",""
356,4,6,2020-01-08,16:11:55,20.5,-1.2,27.9,65,4.8,50.7,1037.6,66,323,8,2.4,7.6,ES,,"",""
357,2,2,2023-12-18,14:12:59,25.0,-6.5,34.6,88,2.3,23.6,1010.3,86,23,9,0.6,8.0,S,,"",""
358,649,393,2022-12-15,2:51:03,23.1,-6.7,28.2,22,9.0,35.0,994.4,72,293,6,2.2,13.1,O,59,00:46:18,Inactivo
359,900,658,2023-07-23,17:55:48,23.3,-1.5,36.2,65,9.5,25.5,1025.6,45,197,2,1.4,12.0,O,39,03:32:58,Inactivo
360,989,840,2023-08-01,9:52:06,15.4,3.9,26.4,15,11.1,0.4,1009.6,18,76,6,1.1,5.8,NO,53,00:22:47,Inactivo
361,301,959,2023-07-30,11:22:43,6.6,2.8,40.2,36,2.9,64.1,1028.3,100,226,4,1.4,5.4,SO,24,00:17:53,Inactivo
362,157,3,2020-11-02,12:11:06,22.2,5.1,37.0,44,12.3,85.8,1020.2,2,54,2,0.2,5.3,S,15,03:44:33,Inactivo
363,472,8,2023-07-07,16:15:20,17.0,2.6,36.8,96,5.4,22.0,999.3,77,343,8,1.7,7.0,SO,,"",""
364,706,597,2024-08-13,22:04:16,16.9,5.9,25.4,42,3.2,14.7,1014.8,27,330,11,0.6,5.5,OS,37,05:19:48,Inactivo
365,73,535,2022-01-26,12:16:42,17.0,-5.2,38.8,23,1.5,21.8,995.2,41,17,8,1.6,10.2,N,,"",""
366,23,4,2022-07-18,13:01:51,13.3,2.6,29.6,30,13.1,32.3,1022.6,73,223,6,0.8,5.7,N,,"",""
367,3,561,2020-06-18,22:17:52,20.3,1.3,38.2,12,12.1,69.0,1007.8,100,1,3,2.2,10.9,ES,8,01:23:40,Inactivo
368,411,3,2024-06-13,21:05:51,15.8,-5.7,38.2,68,10.7,39.2,1026.7,54,100,5,2.5,11.6,ES,14,03:31:57,Inactivo
369,30,860,2023-01-19,7:01:03,20.8,-4.2,40.2,4,8.8,87.1,1016.0,100,236,11,1.5,8.5,ES,,"",""
370,2,7,2021-10-25,0:55:43,20.5,-3.5,34.0,98,9.6,85.2,996.9,34,285,0,1.9,6.4,S,,"",""
371,1,236,2021-04-26,8:46:23,15.1,-4.2,35.3,95,9.6,29.3,1033.8,47,332,0,0.6,10.5,OS,,"",""
372,765,6,2020-12-18,13:54:11,16.0,2.1,28.3,71,2.7,14.3,1000.5,36,258,10,1.7,13.9,SE,,"",""
373,3,2,2021-07-09,12:09:48,10.4,4.3,31.3,49,4.1,28.9,1006.3,77,85,7,0.7,5.7,ES,,"",""
374,132,479,2022-04-09,17:05:54,15.1,4.6,37.8,50,3.1,66.4,1015.1,74,115,10,0.6,13.3,NO,,"",""
375,328,203,2021-06-17,5:09:22,6.5,3.6,34.9,19,11.2,3.4,991.8,26,89,6,1.4,13.3,N,,"",""
376,719,2,2020-03-30,2:27:56,8.0,2.1,35.5,98,9.0,31.5,1011.9,53,244,4,0.2,8.2,SE,,"",""
377,46,359,2020-02-08,22:09:23,15.3,5.8,31.1,92,5.8,35.5,1025.7,3,74,7,2.7,8.0,EN,,"",""
378,743,2,2021-06-15,21:05:08,16.9,-0.7,32.0,70,11.6,7.2,1001.3,8,21,8,1.9,8.7,ES,17,05:08:26,Inactivo
379,966,223,2022-12-13,7:34:50,24.2,1.3,29.1,53,13.4,34.9,1017.0,48,179,8,2.6,10.8,EN,,"",""
380,241,7,2022-08-24,19:51:11,6.4,4.0,28.9,13,7.4,7.8,1018.7,65,317,8,0.2,10.5,N,,"",""
381,340,601,2022-11-29,19:27:20,7.8,2.8,37.4,75,8.3,63.4,1011.7,66,352,1,2.2,6.3,SE,,"",""
382,559,642,2022-10-13,20:45:38,8.9,0.6,27.5,13,5.2,53.6,1004.9,3,236,7,1.3,5.6,NE,68,03:25:56,Inactivo
383,279,6,2020-02-09,21:14:18,22.2,4.2,27.2,8,12.1,45.8,1008.1,62,316,1,0.7,14.4,NE,9,00:38:20,Inactivo
384,8,584,2022-11-17,3:02:40,24.7,-2.9,33.1,62,4.3,42.7,1036.1,19,40,1,0.6,11.1,NO,,"",""
385,8,435,2024-10-14,1:47:13,9.5,-6.6,31.9,55,5.8,64.9,1037.6,13,93,8,1.5,7.4,SO,,"",""
386,6,381,2022-02-15,13:14:11,14.9,5.8,36.0,75,7.8,4.2,1005.2,58,76,1,0.0,7.3,O,,"",""
387,2,1,2024-07-06,4:26:54,6.3,2.5,34.2,82,1.9,78.5,1000.5,76,40,1,1.1,7.3,SO,9,00:11:17,Inactivo
388,2,926,2022-04-08,11:07:06,20.9,2.9,36.7,64,1.1,40.1,1034.6,10,263,9,1.4,10.6,SO,,"",""
389,973,5,2024-03-24,4:32:51,6.0,-2.4,32.7,39,12.6,68.0,1009.2,27,240,5,3.0,6.0,S,,"",""
390,3,7,2019-12-10,3:50:05,6.8,-3.2,28.8,62,0.1,6.7,1035.1,77,328,3,0.5,5.1,NO,,"",""
391,986,9,2023-01-25,11:09:46,23.8,-1.8,25.8,46,5.8,54.5,1012.3,76,354,9,1.4,14.9,E,,"",""
392,7,531,2020-09-04,1:24:50,13.8,-0.5,31.9,93,7.0,48.9,1021.0,63,339,5,0.9,11.5,NO,3,01:18:32,Inactivo
393,2,367,2024-07-20,14:19:12,10.8,-1.9,36.4,88,0.5,3.6,1025.1,26,334,11,2.7,7.5,O,1,01:44:43,Inactivo
394,51,6,2021-06-22,16:54:26,24.3,-3.9,39.9,87,7.6,65.4,993.7,41,143,5,2.2,11.7,ON,70,04:15:20,Inactivo
395,8,9,2024-04-12,19:39:20,20.5,-2.2,28.7,2,3.5,78.2,1026.9,58,295,5,0.1,8.2,ES,8,04:39:36,Inactivo
396,8,399,2024-04-12,16:06:16,23.8,-5.6,38.1,45,12.0,76.2,1011.5,23,99,5,2.4,10.3,S,,"",""
397,745,3,2023-04-03,5:39:40,7.2,-4.3,31.1,72,6.7,33.9,1021.9,32,45,5,3.0,13.4,NE,,"",""
398,4,329,2021-09-05,0:27:46,8.8,2.3,31.8,56,1.4,91.4,1033.0,24,338,0,0.5,5.2,NO,,"",""
399,3,665,2022-11-24,17:36:59,10.3,-3.6,32.0,77,13.4,74.0,1002.0,46,225,11,1.7,8.2,SO,63,04:56:25,Inactivo
400,703,85,2023-11-01,18:56:12,23.5,-3.1,30.3,19,1.0,96.4,1027.7,38,264,6,2.5,7.5,S,14,01:10:40,Inactivo
401,104,6,2024-08-04,10:41:28,21.3,2.3,30.5,38,3.2,53.4,1037.4,96,190,5,2.8,9.5,S,,"",""
402,7,8,2020-04-15,12:56:59,10.5,-3.2,32.8,43,2.6,33.4,1036.8,88,84,0,1.5,8.5,NE,5,05:25:58,Inactivo
403,452,574,2021-04-02,19:26:35,16.3,-1.9,38.9,28,2.9,15.7,995.1,80,14,7,2.1,9.3,SO,,"",""
404,7,50,2022-08-01,18:04:30,21.7,-1.8,26.2,67,12.4,22.9,1036.1,19,34,10,2.7,9.2,SO,8,04:53:10,Inactivo
405,179,962,2021-10-06,7:43:01,15.1,-2.1,35.1,25,2.4,19.5,1033.1,49,156,7,1.5,5.5,NE,2,05:49:34,Inactivo
406,280,587,2020-10-17,10:56:58,24.1,5.8,35.5,12,3.2,87.1,1023.4,86,3,0,2.2,12.4,EN,,"",""
407,1,498,2023-06-24,2:47:32,9.6,2.8,36.2,28,6.7,74.5,1018.2,52,68,5,1.3,14.8,NE,53,02:02:35,Inactivo
408,5,567,2020-04-20,2:31:36,20.0,-6.0,34.1,81,1.0,19.6,1005.1,26,254,4,2.5,7.8,SE,14,05:54:00,Inactivo
409,763,5,2023-09-19,10:45:08,18.0,5.7,27.9,74,5.3,66.0,1014.0,51,353,9,0.9,11.1,N,6,05:59:07,Inactivo
410,172,93,2021-06-24,14:34:38,24.7,-6.3,27.7,93,1.0,2.5,1013.6,83,172,3,0.7,12.8,EN,9,00:12:57,Inactivo
411,797,10,2021-07-06,8:16:19,7.4,4.9,37.7,40,11.7,62.5,1030.3,34,97,6,2.6,6.8,ES,76,00:09:13,Inactivo
412,604,785,2023-12-15,21:09:08,8.3,-1.3,29.0,92,9.7,79.6,1028.1,43,127,1,1.9,10.8,SO,1,02:17:33,Inactivo
413,536,653,2022-11-13,9:07:23,9.6,-2.3,26.7,51,5.3,65.2,1025.5,9,282,0,2.2,14.1,NE,14,00:05:11,Inactivo
414,4,7,2023-12-31,19:04:21,7.7,5.7,34.4,59,10.1,34.0,994.0,93,307,3,2.6,11.4,ON,61,01:11:07,Inactivo
415,530,549,2022-12-17,20:08:10,19.8,4.1,31.4,74,7.4,39.5,1024.8,68,100,3,0.5,5.1,NE,,"",""
416,223,956,2021-07-12,3:20:09,20.9,-6.1,35.2,35,3.2,35.4,996.7,90,213,6,0.6,13.5,S,,"",""
417,6,10,2024-05-20,23:47:04,24.6,-4.2,36.7,36,12.5,4.7,1002.0,69,23,3,1.6,13.5,NE,,"",""
418,134,1,2021-06-07,6:48:45,22.5,1.0,28.9,79,12.8,49.5,1034.0,81,75,6,0.2,9.5,EN,,"",""
419,694,244,2021-03-01,11:00:52,18.4,-6.3,39.2,89,10.2,2.8,1031.2,61,55,7,2.7,5.5,EN,,"",""
420,1,4,2021-10-01,21:38:08,9.9,-0.2,32.5,94,3.0,71.5,1004.1,55,37,9,0.7,6.6,O,,"",""
421,6,167,2022-02-05,17:10:29,14.2,-4.2,33.6,5,13.2,65.3,994.1,12,145,8,2.2,13.1,O,58,01:32:48,Inactivo
422,660,5,2023-07-16,12:40:10,17.7,-0.3,36.4,69,8.1,94.8,1008.6,53,154,1,2.9,10.1,SO,,"",""
423,1,128,2021-06-20,10:22:46,15.0,0.1,40.7,48,4.2,90.4,1031.2,61,30,8,1.5,6.3,EN,,"",""
424,420,10,2023-12-15,22:50:06,24.4,4.4,34.7,39,10.3,54.8,1020.9,64,104,2,1.2,5.8,E,47,01:16:27,Inactivo
425,777,947,2024-06-09,5:51:49,18.4,6.0,28.6,27,0.8,32.3,1005.1,84,63,5,1.5,9.7,NE,12,00:45:17,Inactivo
426,389,5,2021-06-11,1:33:48,13.9,2.6,39.7,20,0.4,56.9,1035.8,92,216,11,2.4,11.1,S,7,00:12:20,Inactivo
427,516,490,2022-08-20,1:31:24,15.3,-3.2,41.1,84,10.3,91.4,1018.3,87,235,9,1.7,6.1,NE,12,00:14:54,Inactivo
428,3,3,2022-04-30,21:18:10,7.1,0.3,26.4,94,4.2,63.9,994.8,24,36,6,1.2,9.3,S,,"",""
429,701,3,2021-04-05,19:06:52,13.4,-2.6,40.0,34,9.4,38.1,1018.1,72,269,2,0.0,14.3,OS,3,00:57:59,Inactivo
430,724,5,2022-04-19,23:51:17,15.5,-0.6,39.4,96,5.2,9.8,1026.2,95,267,11,1.0,12.4,SO,,"",""
431,13,395,2023-07-05,1:28:29,19.7,1.9,38.4,78,5.6,23.1,1015.8,14,147,3,1.2,6.0,O,49,05:27:05,Inactivo
432,304,8,2023-08-27,22:24:41,13.7,4.2,37.8,51,11.9,6.1,1036.1,76,313,0,2.9,12.4,EN,,"",""
433,275,623,2021-03-08,22:33:01,14.4,-5.0,39.9,98,7.3,54.7,1010.2,38,216,3,2.7,5.9,N,14,04:16:12,Inactivo
434,106,553,2023-12-06,19:20:24,7.7,4.4,38.3,42,8.2,1.7,1012.2,84,107,6,0.8,7.2,N,,"",""
435,57,856,2023-01-28,12:15:15,20.8,-0.6,40.5,32,13.5,53.8,1030.8,4,255,0,0.2,13.2,EN,9,02:43:44,Inactivo
436,551,585,2022-10-19,13:18:22,9.4,-3.7,39.9,93,13.0,23.8,1028.4,18,85,11,0.1,13.4,OS,15,03:44:13,Inactivo
437,4,7,2021-08-04,9:42:48,18.4,-2.6,36.7,69,7.7,99.1,1008.1,75,280,8,1.7,7.1,N,,"",""
438,7,1,2020-05-24,23:52:20,16.8,2.7,30.2,19,2.4,75.5,1023.0,93,266,10,0.8,13.2,NE,8,04:17:52,Inactivo
439,43,444,2021-05-04,15:53:55,9.6,5.3,26.5,17,0.9,59.7,1008.1,71,8,5,0.8,5.6,ES,,"",""
440,786,8,2020-07-04,12:22:29,25.0,3.0,34.8,17,12.4,15.7,1031.7,13,147,8,1.7,5.4,NE,2,01:00:54,Inactivo
441,624,8,2023-11-16,18:17:16,22.4,1.5,32.9,72,13.7,86.5,991.8,85,69,11,1.4,7.5,N,10,04:43:44,Inactivo
442,226,257,2020-09-04,2:56:13,19.8,-6.3,26.1,43,12.1,24.0,1011.8,17,12,5,0.9,9.9,E,,"",""
443,2,192,2022-02-09,11:02:42,9.4,-1.9,34.3,25,9.1,68.4,1031.6,63,286,11,1.7,14.1,NE,,"",""
444,500,404,2021-07-27,8:54:24,19.8,4.4,30.7,64,2.8,67.6,1015.3,76,24,1,1.4,7.6,SE,12,05:04:28,Inactivo
445,6,150,2023-09-25,3:58:46,9.6,1.5,26.9,26,9.7,77.7,1028.4,45,36,0,2.9,7.8,N,,"",""
446,816,879,2022-11-12,17:24:00,12.7,-5.7,39.9,57,0.6,17.0,991.7,60,355,0,1.8,9.7,E,,"",""
447,334,95,2024-07-09,0:57:05,6.1,5.2,40.3,7,11.2,97.5,1000.2,59,126,4,2.9,12.9,OS,64,05:56:44,Inactivo
448,212,862,2023-05-31,8:35:32,20.1,-4.5,31.2,70,7.0,30.3,998.3,4,354,3,0.8,7.8,S,3,03:38:39,Inactivo
449,179,957,2022-12-08,1:31:23,20.9,5.7,33.8,10,7.3,9.9,997.5,34,249,1,2.9,10.2,OS,,"",""
450,661,426,2021-07-17,17:35:52,20.4,2.1,32.4,16,3.3,96.6,1012.9,69,7,5,2.4,14.5,SO,71,02:17:01,Inactivo
451,139,249,2020-05-25,2:46:47,13.9,4.9,29.7,46,7.4,64.5,998.4,65,339,11,0.1,6.4,O,14,02:05:39,Inactivo
452,388,10,2022-01-31,12:15:33,19.4,-3.1,37.4,52,7.6,41.5,1032.7,5,153,9,0.8,9.0,ES,,"",""
453,757,162,2021-12-16,8:28:50,22.7,-6.0,39.1,85,8.5,36.5,1008.4,94,132,10,1.6,8.1,SE,,"",""
454,1,78,2022-11-18,3:36:45,14.9,5.1,29.9,67,10.7,59.3,1003.2,59,242,8,1.6,6.9,SE,,"",""
455,121,6,2020-10-04,7:37:52,13.8,0.7,32.1,23,10.1,81.4,999.9,91,278,8,1.9,13.3,SO,,"",""
456,8,3,2020-10-27,6:57:01,24.2,-2.3,28.5,51,7.5,22.6,995.6,67,258,1,3.0,8.9,N,,"",""
457,370,955,2021-05-05,20:12:09,24.7,0.2,39.4,62,11.2,41.6,1032.0,7,243,5,2.4,12.0,OS,3,03:48:26,Inactivo
458,92,3,2022-08-31,6:11:05,14.4,-1.2,39.0,81,0.7,57.1,991.8,14,215,2,2.7,13.1,ON,,"",""
459,457,253,2020-10-07,3:35:47,8.7,-5.5,39.2,39,10.6,7.5,1028.7,74,192,7,2.9,7.8,NE,,"",""
460,1,350,2023-03-03,12:02:24,10.0,-0.5,37.6,29,4.1,77.2,996.5,32,137,2,1.5,12.6,N,,"",""
461,571,53,2023-09-23,9:27:30,7.6,-0.3,29.4,42,0.5,10.9,991.7,58,59,3,2.3,6.5,OS,10,05:30:56,Inactivo
462,2,6,2022-04-22,19:05:54,20.9,-2.7,32.5,1,11.5,38.5,1005.9,98,69,2,3.0,14.6,N,,"",""
463,4,481,2021-08-07,12:15:30,6.2,0.9,40.7,68,8.7,4.8,1010.0,66,155,2,1.4,12.5,N,,"",""
464,553,835,2024-08-05,10:47:03,6.7,-1.8,32.4,27,12.7,32.6,1005.9,99,56,3,0.4,7.2,S,13,00:42:07,Inactivo
465,883,9,2022-06-25,4:05:55,14.3,-2.7,39.1,90,2.7,83.4,1022.8,22,110,7,2.4,7.5,ES,5,05:57:52,Inactivo
466,6,563,2021-03-15,17:55:47,17.7,5.2,28.1,0,1.8,27.4,1018.2,52,348,3,2.9,10.3,NE,9,03:54:41,Inactivo
467,358,244,2021-11-12,14:58:53,19.2,-2.0,36.6,29,6.0,84.4,1021.3,5,144,8,2.4,5.8,SO,11,02:07:30,Inactivo
468,888,252,2021-01-15,6:12:43,21.5,-2.8,33.4,49,4.1,88.5,1013.2,70,237,1,1.1,10.7,ES,,"",""
469,8,760,2023-03-27,3:30:44,22.5,-2.3,32.1,37,9.7,66.0,1006.4,0,26,10,1.9,5.8,NE,15,03:23:58,Inactivo
470,316,8,2023-11-03,5:35:15,8.2,-3.5,39.5,27,2.6,94.7,1033.8,87,331,6,0.6,9.4,S,,"",""
471,708,4,2023-06-15,11:49:11,15.8,1.0,40.0,27,9.2,17.9,1037.3,41,74,0,2.5,9.8,ES,14,01:33:28,Inactivo
472,723,375,2023-10-24,18:16:39,18.3,-5.5,32.4,100,5.7,74.0,1015.1,87,134,5,2.7,5.2,S,2,03:09:31,Inactivo
473,321,3,2023-07-08,6:16:06,9.6,5.1,32.5,58,5.2,8.7,1002.9,28,333,5,0.5,7.4,EN,48,04:40:42,Inactivo
474,3,669,2023-03-10,21:00:46,15.9,4.0,33.7,99,7.8,50.8,1023.8,49,8,7,2.6,12.7,NO,13,00:34:48,Inactivo
475,809,331,2021-10-14,22:49:42,15.8,-2.1,38.3,24,10.7,0.3,1028.9,57,98,1,0.0,8.4,ES,,"",""
476,5,740,2021-07-30,19:06:38,19.4,-2.1,41.2,93,12.4,35.2,1008.3,77,342,4,1.5,8.3,ON,,"",""
477,8,5,2022-06-25,2:03:19,10.5,-3.3,36.0,38,9.9,24.6,1009.6,49,10,11,1.0,8.6,S,50,00:20:41,Inactivo
478,374,381,2022-12-19,8:09:26,18.6,-4.2,37.3,23,11.2,98.6,1034.2,30,208,0,0.8,7.5,NO,13,04:03:16,Inactivo
479,399,3,2020-12-06,3:09:03,21.1,-3.5,26.9,52,13.0,22.9,1030.4,16,98,4,1.0,8.6,SO,9,03:01:21,Inactivo
480,990,6,2023-08-14,15:35:51,10.6,-5.5,31.5,52,1.4,85.0,1032.1,8,208,4,2.0,14.5,O,34,01:20:19,Inactivo
481,812,1,2020-11-18,7:26:59,10.0,4.2,34.2,98,11.6,5.9,1027.2,32,177,8,1.9,7.7,E,39,05:54:03,Inactivo
482,930,31,2021-05-27,9:00:18,11.8,4.4,27.2,60,11.2,38.7,1007.3,79,215,10,2.5,11.9,OS,,"",""
483,336,8,2023-07-08,4:32:00,8.6,-0.3,26.6,25,9.9,23.9,1017.5,81,51,1,1.7,8.4,SE,,"",""
484,966,625,2021-04-11,5:52:32,11.6,3.5,39.4,63,1.1,47.3,993.3,57,114,8,1.1,11.8,EN,,"",""
485,749,780,2024-02-09,4:03:47,20.5,5.9,26.2,90,1.2,24.8,1035.1,2,26,1,2.4,11.6,ON,,"",""
486,1,385,2020-11-24,12:35:10,15.0,0.2,33.2,52,13.7,27.1,1009.0,59,215,7,2.8,7.6,NE,,"",""
487,627,10,2021-07-27,17:33:39,22.6,5.2,40.0,69,9.9,60.7,995.3,21,305,8,0.5,14.1,SE,,"",""
488,309,174,2022-05-03,3:36:06,18.1,0.8,28.4,31,13.3,28.2,996.4,77,49,5,2.5,13.6,NO,,"",""
489,424,495,2020-03-30,0:51:56,11.6,-2.2,33.6,46,8.4,55.7,1023.6,77,60,1,0.8,7.5,EN,17,01:18:58,Inactivo
490,201,7,2021-10-09,14:26:20,22.8,5.0,34.3,90,7.6,19.1,993.9,31,199,3,2.2,12.2,SO,2,01:11:26,Inactivo
491,894,5,2020-08-21,11:40:06,24.3,-1.1,30.5,81,1.4,48.3,1007.6,0,41,6,1.9,6.5,N,,"",""
492,6,4,2019-12-13,13:09:18,21.5,1.2,33.3,84,1.0,69.5,1005.1,24,267,2,2.4,13.5,NE,,"",""
493,935,804,2024-03-18,20:44:19,6.9,-6.6,38.6,57,3.1,65.9,996.7,38,287,10,3.0,14.5,SE,,"",""
494,4,4,2023-01-13,11:52:11,7.5,0.1,28.8,88,10.0,47.6,1002.1,96,157,3,2.3,7.0,N,,"",""
495,3,266,2024-10-28,6:56:10,10.4,-1.7,40.5,96,10.8,43.6,1013.7,93,243,8,1.5,8.9,S,47,03:51:35,Inactivo
496,6,10,2020-12-09,10:04:01,6.3,-1.8,37.1,19,0.1,70.5,1030.8,13,113,5,1.1,12.4,SO,9,00:16:09,Inactivo
497,549,2,2020-04-28,4:00:24,7.0,4.8,40.6,53,1.8,7.1,1008.0,27,109,3,2.3,6.9,NE,,"",""
498,783,709,2024-11-08,22:08:24,16.0,-6.6,26.6,79,3.7,71.2,994.5,60,326,9,1.1,8.7,ES,,"",""
499,8,811,2022-07-07,0:54:42,16.0,-1.3,38.3,54,1.0,19.6,1021.3,67,353,6,0.5,14.5,O,15,01:36:52,Inactivo
500,983,121,2023-08-28,22:33:55,10.0,3.0,27.5,59,12.6,52.8,1028.8,59,223,2,0.0,5.8,EN,15,03:53:57,Inactivo
501,204,286,2023-11-24,12:54:21,18.6,-1.7,37.5,38,4.7,1.3,1001.1,39,63,5,0.5,7.3,S,,"",""
502,6,818,2021-01-25,17:00:26,20.1,-2.0,36.8,25,10.0,40.7,1005.6,100,71,7,0.7,14.1,ES,,"",""
503,7,1,2023-03-23,0:37:39,8.4,-4.1,28.3,43,13.6,24.0,1017.7,77,113,3,0.1,6.6,SE,,"",""
504,7,416,2021-07-25,10:20:29,10.0,-5.6,28.8,1,7.8,5.7,1009.2,59,98,10,1.8,14.2,SO,,"",""
505,4,6,2021-12-01,14:20:28,21.6,-6.4,33.2,76,10.6,83.5,1010.5,2,292,8,1.0,9.4,SE,13,05:45:42,Inactivo
506,677,2,2022-02-17,19:47:08,14.8,3.4,30.9,65,7.1,57.5,997.0,59,198,1,2.7,11.3,S,15,04:50:11,Inactivo
507,4,933,2021-08-25,17:48:12,12.5,-1.7,32.9,92,9.5,67.9,1033.5,29,12,8,1.8,13.2,ON,62,04:10:45,Inactivo
508,6,456,2021-11-07,0:08:50,6.3,0.9,33.0,30,7.3,72.0,1020.6,63,123,11,1.2,10.0,ON,,"",""
509,6,8,2024-05-22,19:48:16,14.9,2.8,31.9,0,9.0,62.8,1012.9,38,306,9,2.5,5.0,ON,15,02:40:45,Inactivo
510,253,459,2019-12-17,22:29:25,12.3,3.3,27.6,28,2.2,1.5,1013.1,18,35,2,1.3,12.1,SE,,"",""
511,3,5,2022-02-03,10:36:41,6.3,-2.8,33.6,25,11.5,50.7,1014.7,21,23,0,2.9,10.7,S,,"",""
512,609,4,2023-12-26,9:25:30,15.3,-6.3,28.5,53,12.1,79.4,993.9,65,18,3,2.1,9.4,NO,,"",""
513,237,8,2024-04-09,13:01:10,7.0,-1.9,28.3,22,10.1,76.5,1004.1,26,187,6,1.0,5.4,S,51,04:28:59,Inactivo
514,7,536,2021-09-16,23:40:52,9.6,0.3,25.5,63,4.8,65.8,995.7,86,162,8,2.9,9.5,N,,"",""
515,612,387,2023-03-04,9:24:26,9.5,-3.1,40.4,9,7.0,87.6,1031.3,60,107,0,0.2,8.7,NO,10,01:30:26,Inactivo
516,580,2,2020-12-10,0:10:17,24.4,-0.7,40.6,57,9.3,24.8,1005.8,8,289,1,2.8,12.5,O,,"",""
517,3,9,2024-09-01,8:21:01,6.1,-0.5,34.2,70,9.9,35.5,1026.9,98,330,11,1.0,10.0,ON,,"",""
518,2,226,2022-01-06,7:17:24,8.9,-1.0,32.6,76,1.8,23.5,998.1,28,9,9,2.9,8.0,ON,,"",""
519,3,9,2021-06-06,9:45:51,24.2,5.9,39.4,13,6.2,45.7,998.3,42,53,0,0.2,11.8,N,,"",""
520,315,3,2024-01-28,16:05:07,6.2,-2.4,28.7,32,7.8,95.2,1006.1,43,158,5,1.8,11.2,O,,"",""
521,5,880,2022-08-24,23:47:41,13.7,3.1,33.6,81,12.6,50.2,993.5,21,21,5,0.2,14.4,SE,,"",""
522,4,6,2023-09-08,8:45:47,18.1,-3.7,27.7,100,4.6,54.0,1031.5,97,149,7,1.1,14.1,OS,14,02:31:39,Inactivo
523,717,161,2022-05-17,5:44:36,11.2,-0.9,27.9,98,9.1,61.4,1001.7,43,158,3,2.3,10.6,E,,"",""
524,59,434,2024-10-04,1:48:32,7.3,0.6,26.0,69,13.5,23.3,1027.6,13,333,1,2.4,6.1,NE,50,00:45:34,Inactivo
525,8,4,2024-09-24,11:36:13,15.2,0.1,31.5,12,11.6,79.5,1017.2,89,104,4,1.1,5.8,NE,,"",""
526,935,433,2023-02-10,21:25:51,12.0,-4.1,36.9,83,9.4,19.7,1003.8,35,145,11,1.1,11.8,OS,,"",""
527,981,7,2024-01-30,6:48:56,20.0,-5.4,39.8,73,12.4,45.5,993.7,86,165,9,1.7,11.8,SO,5,00:00:36,Inactivo
528,601,839,2021-05-03,16:11:35,12.1,-3.3,29.3,68,7.5,12.1,1027.2,49,10,10,1.1,5.3,SE,26,05:45:46,Inactivo
529,494,10,2024-05-14,1:32:28,24.8,-5.6,36.8,81,11.2,38.9,1017.4,30,324,2,2.9,7.6,ON,,"",""
530,924,4,2023-03-24,12:54:21,23.2,-4.3,38.5,13,4.0,9.5,1029.1,67,160,7,1.6,5.6,ES,23,05:22:07,Inactivo
531,440,393,2023-11-13,6:01:13,21.6,0.7,26.5,12,9.9,53.6,1003.0,16,114,9,0.6,8.9,NO,,"",""
532,754,864,2023-08-25,5:49:20,9.2,6.0,33.4,97,5.3,85.0,1005.0,15,256,4,1.2,10.2,S,,"",""
533,966,575,2023-06-01,5:08:28,7.1,2.1,34.8,91,1.1,66.9,1034.3,67,161,5,1.4,6.7,SE,,"",""
534,582,9,2024-04-30,6:25:13,8.6,0.8,37.5,14,6.8,78.7,1010.7,82,38,1,2.5,8.3,ES,6,03:08:41,Inactivo
535,1,235,2022-02-18,20:40:59,14.0,0.1,34.1,20,9.2,56.6,1031.6,42,335,1,3.0,12.7,O,,"",""
536,955,130,2021-06-23,11:29:31,24.6,1.6,38.8,28,1.0,11.5,1006.1,72,147,7,0.3,10.4,ES,18,04:02:35,Inactivo
537,562,737,2021-07-23,10:30:36,15.5,-0.7,35.1,63,2.1,11.3,1019.8,31,333,5,0.5,9.7,N,30,05:57:42,Inactivo
538,253,363,2024-06-26,22:14:00,11.8,-4.9,34.2,65,2.0,21.5,1030.6,8,108,3,2.1,11.5,N,,"",""
539,257,293,2020-06-26,21:01:12,17.1,-3.9,37.8,52,10.1,73.5,997.8,15,54,6,0.3,10.1,NO,,"",""
540,7,9,2020-04-13,4:20:15,14.9,2.3,26.2,89,0.5,28.1,1006.9,75,247,6,2.0,9.4,ON,,"",""
541,38,856,2020-12-31,16:43:49,8.0,-1.0,35.7,22,12.5,35.1,1013.4,97,202,5,1.4,11.0,SE,39,00:40:54,Inactivo
542,748,19,2023-11-17,5:17:54,16.8,3.4,26.9,37,7.5,91.4,1036.3,22,166,10,2.0,6.2,SO,,"",""
543,507,704,2020-04-13,8:27:36,10.4,0.1,36.4,81,8.5,3.2,1013.2,91,143,7,2.3,7.9,ES,,"",""
544,913,6,2021-12-01,15:09:59,22.6,-0.1,29.6,73,7.9,28.8,1000.2,80,319,4,2.5,11.2,NO,,"",""
545,5,9,2024-01-06,11:19:56,15.2,-6.1,34.3,8,6.3,9.1,1012.8,15,9,4,1.4,10.8,SO,,"",""
546,7,929,2021-04-19,18:00:53,7.6,-2.6,32.7,15,11.8,45.6,1030.6,82,353,11,2.9,11.4,SE,,"",""
547,863,457,2024-11-08,2:21:58,22.9,-4.4,33.1,56,0.1,92.0,994.4,74,205,1,2.4,7.6,NE,,"",""
548,166,876,2020-03-15,10:16:43,9.2,-5.2,28.0,13,4.7,11.0,1035.6,48,233,3,1.7,13.3,N,,"",""
549,2,4,2020-04-08,9:34:24,6.1,-0.1,40.2,68,7.0,19.5,995.9,47,239,4,2.9,14.0,ON,10,03:48:11,Inactivo
550,412,660,2023-01-19,3:00:52,9.3,-3.3,33.4,29,7.7,86.7,998.7,87,116,0,0.8,6.9,SE,11,01:16:04,Inactivo
551,3,595,2022-10-09,14:08:36,22.6,2.0,37.7,14,1.4,97.6,1033.8,35,113,3,2.7,11.9,NE,4,03:10:21,Inactivo
552,77,10,2024-05-12,13:52:42,21.7,-2.7,33.6,74,8.9,74.3,1006.5,33,95,9,1.6,10.5,EN,,"",""
553,727,854,2023-03-25,21:00:31,24.9,3.1,37.0,55,0.4,7.9,1007.9,30,222,0,1.2,6.4,EN,50,04:06:17,Inactivo
554,7,7,2019-12-27,15:58:59,8.2,-1.5,31.0,86,12.0,47.7,1024.4,97,309,9,2.4,10.9,S,3,05:00:55,Inactivo
555,162,8,2024-05-21,16:22:28,24.5,0.0,35.4,14,5.2,80.5,1003.9,38,192,1,0.6,12.3,NE,,"",""
556,558,843,2024-04-30,20:12:40,16.5,2.2,40.4,7,9.0,82.6,1026.0,75,85,3,2.1,12.0,N,,"",""
557,4,899,2023-03-07,23:57:58,23.2,5.8,36.5,14,8.2,35.7,1003.4,8,85,5,0.5,14.0,S,,"",""
558,7,510,2023-02-23,22:47:30,24.3,-3.0,34.4,82,1.3,26.2,1032.3,93,224,5,2.0,14.8,E,,"",""
559,707,1,2024-06-16,18:11:00,21.6,3.5,35.9,54,4.1,8.2,996.5,92,259,0,0.5,12.8,O,,"",""
560,639,3,2023-04-29,18:57:25,11.8,-3.7,29.6,29,1.0,84.1,1026.5,9,268,4,2.5,12.4,NO,,"",""
561,999,8,2020-09-27,3:56:53,15.8,3.3,40.9,93,5.8,58.3,1014.2,87,238,3,1.3,5.2,NO,22,05:24:01,Inactivo
562,1,456,2024-03-04,5:36:59,17.8,-5.9,41.1,6,9.1,56.8,1001.0,89,77,7,1.8,14.0,NE,25,02:08:03,Inactivo
563,7,378,2023-05-04,13:13:37,8.2,-5.6,30.8,100,12.8,48.2,993.9,40,213,6,1.6,6.4,S,80,00:23:13,Inactivo
564,6,462,2020-01-18,18:58:23,24.6,2.5,36.5,15,12.4,34.0,1033.6,47,36,3,1.3,5.1,SO,11,00:27:42,Inactivo
565,855,557,2022-07-09,6:22:40,11.0,-3.9,41.1,13,0.3,36.8,1011.7,26,292,2,1.8,14.6,EN,6,00:32:52,Inactivo
566,262,709,2021-05-22,10:18:38,20.1,1.1,34.3,66,11.1,46.6,1006.1,8,121,2,1.4,5.2,E,13,03:28:05,Inactivo
567,123,5,2019-12-29,11:16:51,22.5,0.0,37.0,66,6.0,53.4,1033.6,36,284,3,2.7,6.9,EN,,"",""
568,661,409,2020-06-25,2:04:31,22.8,-3.7,30.0,73,1.3,68.3,1023.5,78,264,10,2.7,11.1,NO,,"",""
569,558,754,2024-07-15,3:33:02,12.8,-3.7,27.0,89,7.8,42.4,1027.2,28,255,11,0.1,14.5,E,,"",""
570,191,176,2024-10-07,1:33:32,21.0,2.5,30.9,97,5.9,78.0,1003.1,15,253,3,2.1,11.4,SE,,"",""
571,819,9,2020-07-02,14:24:51,22.5,5.5,40.4,20,9.3,79.0,1037.1,72,186,11,0.7,12.9,OS,,"",""
572,6,126,2021-01-07,21:32:22,23.7,-1.5,40.5,61,3.2,83.9,1032.7,46,86,0,2.4,8.0,NE,15,02:32:09,Inactivo
573,4,338,2022-11-28,5:17:35,7.2,-5.9,34.6,71,7.6,10.4,1018.3,17,21,9,0.2,6.7,ES,10,03:17:35,Inactivo
574,193,583,2023-01-03,19:02:34,11.8,-0.3,32.8,55,6.3,29.5,1003.1,38,326,8,0.7,9.1,NO,13,05:14:40,Inactivo
575,662,608,2024-08-06,18:51:37,16.1,-3.0,28.0,9,2.0,2.9,1030.7,83,333,4,2.4,11.7,SE,1,01:41:12,Inactivo
576,5,678,2024-04-20,3:00:22,24.3,2.9,29.4,8,12.7,26.3,1007.1,72,107,2,1.7,11.1,N,52,02:02:09,Inactivo
577,679,7,2023-12-24,14:09:34,21.2,-6.7,35.6,89,12.6,91.8,1016.9,85,358,0,1.0,10.1,NO,,"",""
578,54,110,2022-10-13,23:13:40,13.2,-5.4,40.0,61,6.8,66.4,1025.8,60,80,9,1.5,8.1,SO,31,04:44:15,Inactivo
579,931,4,2023-05-12,2:54:55,14.1,-0.3,34.4,74,1.6,94.2,1006.0,60,187,2,2.1,9.0,N,,"",""
580,7,7,2022-10-19,20:22:25,13.8,4.8,30.0,23,3.2,50.0,1023.2,44,266,1,2.0,7.1,NO,14,05:38:30,Inactivo
581,173,45,2020-12-16,10:51:51,8.8,-1.9,32.1,23,6.8,58.5,1024.5,21,124,8,0.9,8.4,ON,,"",""
582,2,6,2021-11-01,15:52:36,7.1,-3.6,31.8,80,10.2,57.0,1014.8,40,244,0,0.5,11.6,EN,49,05:36:49,Inactivo
583,845,70,2024-10-12,17:03:06,12.5,-2.9,32.2,39,12.1,26.0,1023.6,44,170,5,0.3,12.2,EN,71,02:04:27,Inactivo
584,2,4,2024-05-13,18:02:57,22.5,-5.7,38.4,78,9.0,94.1,996.0,24,183,11,2.9,10.7,SO,11,04:59:56,Inactivo
585,848,625,2020-07-25,20:54:09,14.0,5.9,33.0,88,3.5,20.3,1008.0,5,227,7,2.9,13.8,ES,,"",""
586,95,10,2024-10-02,22:32:58,23.3,-2.6,41.1,18,6.5,92.0,992.2,72,210,11,1.5,10.4,E,,"",""
587,2,353,2020-03-14,21:58:12,16.5,-3.7,40.8,4,4.0,52.9,1027.9,65,276,4,0.2,5.4,S,53,00:17:01,Inactivo
588,319,873,2023-09-12,1:03:11,20.8,4.5,41.0,87,4.4,70.8,1021.3,24,175,9,2.8,8.2,OS,,"",""
589,2,5,2021-12-25,16:46:37,24.8,-0.3,41.1,12,9.0,67.3,996.6,21,336,1,1.3,7.1,N,19,02:52:19,Inactivo
590,327,346,2021-05-25,22:46:46,11.0,-3.0,33.7,7,6.0,93.2,1002.8,50,322,6,1.1,11.3,N,,"",""
591,328,7,2022-05-09,6:48:20,22.0,-1.5,37.2,0,7.1,79.8,1021.9,78,242,0,1.4,5.6,E,,"",""
592,5,871,2020-12-16,21:57:33,25.0,-6.3,41.0,42,6.4,79.0,1022.1,68,127,1,1.4,7.8,SO,,"",""
593,725,6,2023-05-16,4:20:34,23.3,1.7,33.9,84,7.3,44.7,1027.8,54,61,11,1.6,6.7,O,1,04:37:34,Inactivo
594,763,423,2020-02-17,8:13:26,12.8,-5.9,26.6,40,2.3,92.0,1007.9,85,171,7,0.9,9.0,EN,,"",""
595,971,10,2023-02-03,4:26:56,9.8,4.7,34.1,13,7.0,66.3,999.1,100,207,1,1.0,8.2,SO,,"",""
596,185,5,2020-09-17,13:42:10,10.9,-3.8,36.0,96,1.4,23.1,1025.9,52,271,7,0.6,11.6,S,,"",""
597,8,849,2020-09-03,17:42:23,19.0,-6.4,34.3,17,8.3,24.8,1000.4,68,259,8,2.1,10.1,NE,,"",""
598,4,1,2022-07-22,12:34:31,18.7,-5.6,35.8,55,2.7,66.9,1019.4,59,93,4,1.6,9.9,E,4,02:10:14,Inactivo
599,678,667,2023-03-08,2:48:49,22.9,-4.3,37.0,9,10.5,45.0,1027.3,47,141,7,2.2,11.7,E,11,00:46:26,Inactivo
600,401,2,2021-09-19,2:58:57,8.4,-0.4,38.0,0,12.6,70.3,1012.5,84,76,5,1.7,11.3,ON,,"",""
601,310,887,2021-12-18,9:20:43,22.2,5.7,33.9,49,11.7,27.0,1017.8,83,166,9,2.6,5.9,OS,11,01:42:00,Inactivo
602,2,854,2023-09-10,22:27:24,10.7,-1.5,34.0,40,4.1,77.9,1019.8,47,57,11,2.7,10.1,ON,14,00:00:27,Inactivo
603,2,284,2022-07-06,13:33:55,16.4,-4.8,31.9,3,9.5,62.2,995.2,98,276,10,1.9,13.8,SO,14,05:23:14,Inactivo
604,2,9,2024-06-25,14:20:27,13.4,-5.2,26.2,2,9.5,38.0,1017.0,38,270,3,0.7,10.8,OS,14,02:18:37,Inactivo
605,1,961,2023-05-17,17:47:16,8.3,-0.4,34.8,66,7.0,66.0,1027.0,58,301,3,0.1,7.2,N,76,02:16:55,Inactivo
606,356,107,2024-08-07,16:05:56,20.5,3.6,33.3,18,11.6,22.6,1037.6,29,145,2,1.5,7.0,ES,,"",""
607,8,630,2022-06-27,10:27:05,8.8,5.3,40.2,90,13.7,38.3,1011.4,98,159,6,0.4,14.6,NE,,"",""
608,573,848,2023-09-02,14:02:11,24.3,3.4,40.3,30,5.9,67.0,998.4,41,208,10,2.7,7.2,N,,"",""
609,842,9,2024-01-26,8:04:23,12.0,3.3,36.7,61,8.4,79.1,1013.8,69,164,6,2.3,9.9,NE,,"",""
610,8,4,2021-11-25,0:38:11,18.6,-0.5,29.0,29,0.1,82.9,1032.4,46,56,1,0.3,10.7,NO,8,03:59:16,Inactivo
611,769,7,2021-02-10,19:02:50,17.2,-5.1,35.2,26,13.0,50.2,993.1,54,119,8,2.6,14.6,N,27,02:01:33,Inactivo
612,118,7,2023-08-04,18:47:32,9.3,-6.0,34.7,28,8.5,9.0,998.5,82,217,10,0.5,6.7,SE,4,03:18:47,Inactivo
613,714,9,2020-01-13,0:29:28,11.2,1.7,36.9,3,9.9,68.8,1011.8,27,345,4,2.4,12.9,E,,"",""
614,6,146,2024-01-17,15:07:26,20.2,-3.5,25.4,26,3.5,55.4,1001.4,89,230,7,1.3,8.4,N,32,00:14:10,Inactivo
615,7,400,2022-06-26,3:12:53,7.6,-1.1,26.1,71,6.7,46.8,1004.9,43,136,10,0.3,14.9,NO,,"",""
616,565,124,2024-03-31,0:22:10,8.4,0.5,39.8,79,10.5,37.6,991.8,40,179,4,1.3,10.9,O,9,04:03:47,Inactivo
617,991,732,2024-06-07,2:50:17,9.8,-1.5,38.7,7,3.0,80.7,991.4,19,275,11,1.7,10.3,SE,10,01:56:18,Inactivo
618,4,37,2020-08-17,8:18:58,18.9,-2.4,34.6,23,6.7,39.7,994.3,41,273,6,0.7,9.7,ES,15,02:12:43,Inactivo
619,927,6,2022-05-19,19:50:23,20.9,-5.1,27.0,41,1.4,76.5,1015.2,15,305,3,0.7,7.5,S,15,01:06:30,Inactivo
620,3,104,2020-06-17,19:42:42,17.9,1.4,38.4,97,4.6,33.1,1010.5,47,138,0,2.5,9.2,N,1,04:18:41,Inactivo
621,93,57,2022-05-12,2:23:16,15.2,-4.4,39.5,82,12.7,13.0,1028.6,98,231,4,0.2,7.8,EN,48,02:00:29,Inactivo
622,6,448,2021-10-15,12:41:11,6.8,6.0,32.7,13,5.2,89.6,1012.3,87,160,6,2.6,7.6,ON,,"",""
623,7,1,2021-07-18,20:21:46,9.1,-3.1,32.5,59,6.9,56.7,991.3,18,47,9,1.2,6.4,SO,,"",""
624,187,614,2020-09-08,12:30:09,24.3,-5.0,33.3,22,2.2,86.5,1023.1,79,194,11,1.1,7.2,O,8,04:19:39,Inactivo
625,223,271,2021-10-30,20:07:23,7.5,-2.4,31.3,50,11.3,70.0,1002.0,51,250,3,0.7,9.1,O,1,04:29:45,Inactivo
626,5,675,2023-06-20,8:24:58,6.5,-3.1,34.6,33,2.0,77.0,1007.7,47,351,7,0.9,7.7,O,,"",""
627,830,222,2023-10-22,18:29:07,17.8,3.3,32.9,34,1.1,46.7,999.8,93,168,8,0.9,5.4,S,6,04:14:16,Inactivo
628,8,283,2020-08-23,1:48:49,21.9,-6.2,31.3,42,6.5,53.4,995.3,97,5,7,2.0,14.9,S,,"",""
629,916,10,2021-07-09,7:47:42,21.5,-5.0,30.1,36,4.1,89.8,1000.0,2,247,3,2.9,8.9,N,,"",""
630,313,4,2023-08-01,11:22:22,24.1,1.3,34.2,96,13.1,67.7,996.6,98,352,0,1.3,11.1,E,,"",""
631,293,10,2020-12-02,6:25:02,19.6,-1.5,33.9,9,0.8,40.3,1025.0,8,259,9,1.7,9.2,E,12,01:39:31,Inactivo
632,6,24,2023-08-18,9:26:41,13.1,2.9,26.8,67,9.8,74.0,1007.4,94,82,4,0.9,14.4,EN,29,00:13:55,Inactivo
633,204,9,2023-02-22,17:25:52,10.9,5.6,35.5,52,8.3,37.9,1016.1,6,301,0,0.7,5.3,SO,,"",""
634,184,392,2024-02-29,1:38:45,19.6,0.4,40.8,58,6.2,79.2,1010.3,40,76,5,0.7,13.3,SO,,"",""
635,7,9,2020-10-19,3:38:29,6.7,4.0,35.1,53,1.3,55.6,1029.6,32,354,6,0.2,12.2,SO,,"",""
636,279,188,2023-08-28,4:48:25,21.7,-3.9,30.1,17,11.2,84.3,1027.1,40,330,11,1.6,14.2,OS,10,05:46:19,Inactivo
637,2,82,2020-05-15,15:24:35,20.8,-1.6,40.7,14,11.3,83.8,1013.5,63,261,5,2.4,10.9,EN,2,01:35:38,Inactivo
638,5,860,2020-05-14,20:59:48,19.5,-5.0,40.3,44,10.0,83.3,1024.3,24,62,1,0.1,9.6,O,3,00:23:15,Inactivo
639,57,136,2023-08-10,21:34:42,15.8,-6.5,35.2,13,4.7,90.9,999.7,36,224,9,0.2,14.8,EN,4,05:39:50,Inactivo
640,12,438,2023-07-14,14:22:41,16.6,-2.9,31.3,91,6.9,95.0,995.1,80,63,11,1.8,7.6,EN,,"",""
641,2,2,2022-10-19,8:56:09,6.4,5.5,38.0,5,1.5,39.8,1010.6,12,335,1,0.8,14.7,ON,5,03:00:04,Inactivo
642,7,460,2024-01-23,18:01:48,19.1,-4.5,30.1,71,10.0,57.4,1030.0,55,55,0,2.6,7.7,O,3,04:36:32,Inactivo
643,816,415,2022-10-23,22:40:38,14.9,3.9,39.0,12,12.7,5.7,1015.6,12,2,0,1.0,8.2,SE,,"",""
644,8,2,2019-12-20,15:15:12,22.3,-1.2,29.4,58,0.6,57.7,1025.9,11,291,3,0.9,11.8,SO,,"",""
645,5,8,2022-09-30,3:52:14,24.2,-5.8,32.3,3,8.4,63.8,1031.4,29,110,10,1.7,6.7,SO,,"",""
646,301,371,2020-10-23,1:04:27,12.3,-5.9,28.8,36,2.2,50.9,1031.3,73,135,0,2.7,7.0,E,,"",""
647,487,837,2022-08-21,20:41:56,17.0,3.4,31.2,90,12.3,30.2,1012.9,6,225,7,2.7,13.8,ES,34,05:53:37,Inactivo
648,1,762,2024-04-14,0:41:17,11.8,3.6,32.2,37,7.1,91.6,1011.2,52,233,8,1.2,5.5,ES,3,02:19:14,Inactivo
649,4,523,2021-12-22,2:29:17,8.5,-3.1,29.9,16,1.2,57.8,1025.1,90,313,9,1.7,5.7,OS,,"",""
650,808,3,2022-07-14,3:59:58,19.3,-0.5,25.3,88,13.4,66.8,991.2,19,337,1,2.5,9.5,ON,,"",""
651,404,3,2023-05-19,12:56:05,15.2,1.3,36.9,29,2.9,48.2,996.1,100,264,11,2.8,10.1,NE,60,03:35:43,Inactivo
652,80,392,2020-05-30,12:13:08,21.5,-3.6,25.5,81,3.9,35.7,1002.2,85,15,2,2.1,5.8,ES,6,05:24:33,Inactivo
653,7,6,2022-06-12,13:43:03,22.3,-0.1,40.6,89,2.5,23.4,1025.0,68,111,9,0.9,7.6,N,53,00:52:00,Inactivo
654,825,464,2021-04-23,21:15:54,12.0,-3.5,30.6,83,13.4,35.4,1028.9,14,223,2,1.2,5.9,NE,10,03:32:39,Inactivo
655,954,541,2022-12-01,13:58:44,25.1,2.4,26.2,82,3.8,59.0,1008.4,38,16,0,0.5,11.6,N,,"",""
656,696,8,2020-11-09,13:03:00,13.8,3.0,26.6,81,6.9,41.4,1010.0,0,192,9,2.1,14.1,O,18,03:44:10,Inactivo
657,68,8,2021-07-11,8:04:13,16.9,-6.6,30.4,87,0.4,6.4,993.2,15,325,2,2.1,9.4,OS,2,01:07:36,Inactivo
658,7,183,2022-01-20,7:37:36,12.3,5.6,38.8,77,1.1,95.2,1026.0,43,279,11,0.7,7.5,SO,3,00:30:52,Inactivo
659,27,2,2022-02-16,13:09:22,11.2,-4.2,27.2,74,13.1,94.3,1015.2,24,216,0,1.4,6.5,NE,6,03:39:25,Inactivo
660,463,121,2022-04-16,10:15:54,24.6,1.9,35.1,37,0.6,66.3,1008.8,10,330,8,0.6,6.2,SE,11,05:07:56,Inactivo
661,454,301,2023-09-18,2:01:52,20.3,3.3,29.8,47,9.0,68.9,1013.7,31,75,7,2.9,5.9,NE,,"",""
662,1,10,2023-07-24,7:04:27,23.0,-1.4,28.6,76,6.7,79.9,1035.5,32,240,3,0.2,5.8,SO,52,05:42:55,Inactivo
663,5,384,2022-09-11,10:45:55,8.2,-5.7,32.0,43,5.5,26.6,1028.3,70,169,1,2.3,5.7,OS,8,01:47:53,Inactivo
664,154,7,2021-04-08,10:52:07,12.8,-6.5,27.0,31,0.9,20.9,1030.7,4,331,11,2.9,9.9,NO,,"",""
665,791,10,2020-10-20,18:00:02,8.8,-3.1,40.1,43,11.1,87.0,1031.3,54,198,0,1.6,11.0,NO,54,01:36:22,Inactivo
666,465,6,2024-02-16,15:47:52,12.9,2.3,30.0,71,5.1,11.2,1030.6,61,244,11,2.1,12.1,S,,"",""
667,698,260,2023-06-11,20:50:50,21.2,-4.7,25.7,56,11.6,91.4,1018.8,8,151,0,0.7,6.1,S,30,02:10:43,Inactivo
668,594,4,2023-09-21,1:50:04,20.6,0.7,32.8,94,7.5,20.3,1011.9,89,103,7,1.6,11.3,EN,4,05:37:00,Inactivo
669,119,968,2023-01-18,12:39:36,10.1,0.8,26.4,45,0.2,41.3,1024.8,77,112,1,0.4,11.0,E,,"",""
670,2,655,2020-05-16,5:58:27,18.9,-4.0,32.2,70,1.3,35.7,991.6,78,14,4,2.7,7.7,E,11,00:05:58,Inactivo
671,6,950,2021-12-15,17:31:04,21.6,-5.1,31.3,92,3.1,10.3,991.9,23,156,6,2.7,5.9,N,14,00:54:11,Inactivo
672,852,763,2024-10-22,3:50:49,13.7,-3.1,33.7,0,2.0,35.7,1037.5,54,246,8,2.2,6.8,OS,13,03:25:33,Inactivo
673,669,616,2022-11-01,14:42:05,14.1,-3.9,32.0,15,12.1,66.5,1002.3,57,227,6,2.6,13.3,O,6,02:28:11,Inactivo
674,936,669,2023-12-06,5:42:07,14.8,-3.1,32.1,39,0.2,26.4,998.9,94,223,1,1.4,7.2,OS,46,02:55:16,Inactivo
675,632,182,2024-11-06,5:18:30,8.2,2.5,36.4,76,2.2,31.7,1002.7,47,293,10,1.5,13.9,N,,"",""
676,668,529,2023-03-29,11:00:02,13.5,-1.0,35.9,90,12.7,1.0,1024.9,60,9,0,2.6,15.0,E,12,03:30:18,Inactivo
677,514,36,2022-12-12,12:19:58,13.0,-2.8,28.2,5,11.6,12.4,1028.1,11,277,7,2.0,8.8,S,,"",""
678,356,203,2022-03-04,23:44:35,13.2,-2.6,33.1,36,3.0,82.7,1034.2,68,106,6,2.9,6.6,O,,"",""
679,539,155,2020-09-04,14:03:20,12.7,3.5,27.5,96,9.1,71.5,1013.3,73,185,11,0.6,5.7,NE,9,05:29:04,Inactivo
680,416,7,2023-04-08,8:11:19,23.1,-0.9,31.0,90,2.5,9.3,995.0,83,222,7,1.3,8.0,NE,,"",""
681,5,788,2021-03-15,16:30:28,10.4,3.2,34.2,33,1.1,34.6,991.7,91,299,1,1.6,10.3,NE,14,03:45:54,Inactivo
682,471,10,2022-02-22,22:29:49,12.5,4.7,36.1,45,0.3,63.2,1024.3,70,292,5,0.9,10.7,O,,"",""
683,850,10,2020-07-17,12:03:59,14.6,4.1,40.2,12,8.5,95.6,999.9,98,231,6,0.1,12.5,O,14,05:30:39,Inactivo
684,522,603,2022-11-19,0:35:03,19.2,-3.0,36.4,52,8.4,17.9,1029.0,19,345,11,2.7,7.9,E,,"",""
685,425,354,2020-11-26,9:02:57,23.0,2.2,31.6,53,12.3,17.4,992.8,34,214,3,0.7,5.3,EN,2,04:21:35,Inactivo
686,169,6,2021-12-25,19:42:51,22.9,-1.0,36.1,40,6.4,69.5,1034.5,61,109,4,1.9,13.5,N,1,03:18:26,Inactivo
687,6,41,2023-04-08,6:40:06,17.4,-1.4,30.6,61,8.7,85.5,1014.2,96,352,8,0.8,10.0,O,,"",""
688,7,3,2024-01-04,15:40:58,15.1,-0.4,32.6,61,4.1,11.0,998.7,12,207,10,0.1,9.8,ES,46,00:14:35,Inactivo
689,1,2,2021-01-02,22:15:39,19.0,2.6,29.7,61,12.8,67.4,1002.9,27,93,8,0.6,7.0,SE,44,01:15:21,Inactivo
690,6,94,2020-05-15,11:09:02,20.3,5.8,27.5,29,1.6,9.9,1037.2,51,354,5,1.8,8.9,NO,57,04:32:26,Inactivo
691,2,284,2023-05-05,3:16:39,19.8,-1.8,34.3,56,10.1,86.5,1013.5,4,12,1,2.5,13.8,S,5,02:56:55,Inactivo
692,597,215,2020-12-18,3:06:11,12.5,-6.4,39.9,32,2.3,94.8,1037.0,3,212,0,0.9,6.0,SO,,"",""
693,991,300,2022-03-23,10:06:59,9.1,-2.9,29.0,75,1.5,52.3,1008.6,33,48,10,1.6,12.1,NO,,"",""
694,888,8,2022-05-04,23:26:15,13.6,3.2,30.9,40,1.2,69.5,1033.3,49,345,7,1.2,6.8,EN,7,00:27:18,Inactivo
695,497,10,2019-12-06,2:25:33,9.8,2.7,36.6,85,10.2,99.6,1013.3,75,86,1,1.3,8.3,SE,10,00:12:54,Inactivo
696,5,3,2023-05-19,10:33:49,10.0,-5.0,34.6,11,8.5,5.7,1006.9,56,287,7,2.9,13.4,O,15,02:27:33,Inactivo
697,5,6,2020-12-16,21:54:28,18.4,-2.6,26.2,1,13.4,57.0,997.0,2,191,10,1.7,8.3,N,,"",""
698,270,87,2023-04-14,17:33:35,20.3,4.1,37.8,44,8.5,59.5,1032.7,11,305,1,2.9,9.6,ES,,"",""
699,5,10,2022-05-01,17:18:58,6.6,-0.5,28.5,57,11.1,43.4,1000.4,36,240,5,0.5,14.1,ES,,"",""
700,6,888,2020-09-03,13:09:57,20.2,-6.5,32.5,67,7.5,95.4,1025.5,36,142,2,0.5,8.1,N,,"",""
701,828,699,2023-02-07,8:33:54,19.5,3.2,35.9,53,9.9,62.3,1028.2,79,14,2,2.3,6.4,ES,,"",""
702,486,138,2020-10-08,12:38:05,20.3,2.6,32.0,96,7.8,21.2,1004.2,88,213,5,0.3,12.7,EN,13,04:08:17,Inactivo
703,855,558,2024-03-17,5:22:17,10.1,5.9,40.9,64,11.2,8.0,996.4,20,28,5,0.7,5.6,NE,14,01:07:58,Inactivo
704,718,239,2024-06-05,0:28:28,21.9,-3.4,28.3,9,2.4,85.1,1030.5,64,60,10,2.9,10.5,O,11,01:13:38,Inactivo
705,425,300,2020-02-15,5:55:26,19.1,-5.3,38.7,77,13.5,87.4,1034.3,1,35,1,1.6,14.3,NO,13,00:35:21,Inactivo
706,192,336,2023-10-16,1:30:51,14.4,-1.9,34.1,65,3.5,29.1,1024.8,69,100,5,2.9,6.5,O,39,01:10:06,Inactivo
707,5,9,2024-09-22,0:15:06,22.1,2.9,33.6,39,4.0,71.6,1005.2,72,53,7,2.6,8.5,E,20,02:11:53,Inactivo
708,2,8,2020-05-03,2:08:35,12.4,-0.5,41.0,86,5.7,45.2,1002.1,87,350,8,1.8,7.6,OS,8,05:53:25,Inactivo
709,203,250,2024-11-13,7:49:26,8.7,-0.9,35.3,14,7.6,19.3,999.7,58,102,7,1.5,8.2,SE,67,04:07:59,Activo
710,2,281,2021-01-28,20:57:02,16.2,-4.8,26.8,86,12.3,15.5,990.9,27,349,3,0.8,8.0,N,36,05:55:40,Inactivo
711,555,629,2024-09-24,5:09:22,7.1,-2.8,29.6,27,10.0,71.0,1033.9,85,252,9,2.8,14.6,ES,,"",""
712,902,2,2022-06-08,16:15:00,9.8,-6.7,38.8,91,10.7,22.5,1004.7,8,50,5,0.0,6.2,OS,,"",""
713,202,724,2023-03-30,13:19:19,25.0,-0.0,25.6,71,7.6,75.8,991.7,4,98,8,1.7,11.4,SO,,"",""
714,269,291,2022-10-12,11:28:45,11.3,-1.8,40.5,54,8.6,25.5,1004.0,63,194,8,1.7,14.1,S,,"",""
715,825,3,2022-11-16,5:09:31,13.8,-5.0,33.7,89,7.0,30.5,1033.9,3,161,0,0.7,10.2,E,,"",""
716,250,221,2020-05-01,12:14:57,12.9,-5.7,26.9,97,13.7,27.6,1017.5,12,263,4,1.9,13.9,EN,62,00:50:36,Inactivo
717,372,388,2023-02-09,17:50:15,19.7,2.3,30.5,90,8.6,55.3,1010.2,12,233,7,2.2,9.8,N,76,04:15:50,Inactivo
718,408,9,2022-05-25,17:41:54,24.4,-4.9,37.4,55,5.1,61.7,1027.5,47,236,0,0.2,11.2,NO,,"",""
719,895,764,2023-05-25,1:46:11,13.1,-5.6,34.4,52,1.0,65.5,992.0,84,301,1,1.3,5.8,ES,,"",""
720,594,5,2020-02-29,7:28:08,18.7,0.9,40.4,71,3.8,5.7,1029.7,78,209,0,0.7,5.8,NO,,"",""
721,114,289,2022-09-29,5:30:23,19.7,-1.5,37.8,96,0.9,32.1,1014.0,4,27,10,2.6,14.1,ES,15,02:32:32,Inactivo
722,361,10,2022-12-20,22:05:21,18.0,-3.9,35.4,79,4.7,92.5,1008.3,8,212,9,2.7,10.6,ON,,"",""
723,714,10,2020-04-23,10:03:14,16.4,0.7,40.5,71,7.8,14.3,1015.0,11,190,5,1.3,12.5,N,,"",""
724,673,9,2021-05-18,8:43:48,22.3,1.8,26.4,86,3.6,71.0,1003.4,35,254,3,2.0,9.2,S,,"",""
725,424,3,2022-11-13,4:02:49,8.2,-6.5,36.6,92,1.5,28.9,1034.4,91,39,7,0.3,9.9,SE,55,02:37:00,Inactivo
726,645,9,2022-05-14,14:39:40,21.4,-2.8,34.4,84,3.3,13.8,1000.2,39,85,6,2.0,6.3,OS,22,03:28:57,Inactivo
727,347,10,2021-05-08,18:30:45,13.0,4.7,34.7,82,12.4,29.0,1003.4,51,201,3,0.8,6.9,ON,,"",""
728,470,3,2024-09-14,7:43:28,7.5,-3.9,33.3,18,7.2,17.8,1007.5,14,170,0,0.7,10.4,N,,"",""
729,460,2,2020-12-20,6:26:44,8.7,-2.9,35.4,90,8.5,41.2,1026.7,4,48,2,0.0,14.0,SE,,"",""
730,917,102,2023-06-02,12:04:19,7.4,-5.4,27.3,40,7.8,46.6,1008.5,76,117,1,2.4,5.8,S,,"",""
731,887,343,2023-10-19,0:07:36,12.2,2.9,26.5,23,8.2,54.9,1014.5,16,239,5,1.3,6.4,NO,10,00:47:09,Inactivo
732,210,1,2020-11-05,7:25:40,24.0,4.2,25.8,3,4.1,7.7,1026.2,80,156,10,1.2,11.7,OS,,"",""
733,964,5,2024-06-04,22:34:30,17.2,-3.5,38.5,11,1.4,70.5,993.8,88,339,10,2.5,10.0,EN,,"",""
734,2,7,2021-07-28,16:16:00,15.0,4.1,25.9,84,4.4,63.9,1029.7,86,273,7,0.1,12.4,O,7,00:52:20,Inactivo
735,635,8,2020-02-25,12:28:13,6.1,2.9,39.6,35,4.2,36.0,1024.7,2,77,0,0.6,6.6,O,33,02:51:22,Inactivo
736,177,874,2020-07-14,7:09:59,11.2,-1.2,28.5,92,9.7,40.7,1014.0,16,74,8,2.1,7.9,SE,1,01:02:09,Inactivo
737,659,4,2023-08-22,12:17:17,7.1,2.8,29.3,8,7.5,46.8,1014.9,59,104,0,0.0,5.3,ON,,"",""
738,484,243,2021-03-26,1:24:04,8.2,-5.7,28.6,95,7.1,33.7,1013.7,75,349,6,2.1,14.1,N,46,00:58:54,Inactivo
739,319,413,2021-03-09,21:24:36,12.7,3.1,34.1,65,6.7,73.9,997.3,9,216,2,1.3,7.7,E,6,02:22:32,Inactivo
740,137,891,2020-02-06,19:22:27,8.9,2.8,35.6,66,7.4,45.7,1027.1,70,257,11,0.1,13.8,OS,6,02:31:42,Inactivo
741,7,10,2023-09-19,10:27:28,16.9,-5.0,25.3,15,6.6,49.7,996.1,0,277,6,2.4,14.4,O,9,01:26:38,Inactivo
742,192,731,2020-06-17,14:16:21,10.6,-3.3,34.4,96,1.9,97.9,1018.2,33,79,0,1.9,8.9,ON,,"",""
743,316,10,2023-02-19,15:01:09,11.0,-0.4,31.5,85,2.6,86.7,1008.3,91,130,2,3.0,13.5,OS,,"",""
744,830,20,2023-12-28,8:53:53,17.6,-4.2,32.5,88,13.6,8.3,995.0,93,88,11,1.7,5.2,S,,"",""
745,370,10,2024-08-14,15:31:39,19.0,-6.6,32.3,10,0.4,69.4,1033.7,43,14,1,3.0,11.2,O,7,00:05:16,Inactivo
746,199,851,2022-06-13,1:03:27,13.7,-6.6,36.9,85,2.0,0.6,1004.3,12,44,1,0.3,9.2,O,,"",""
747,138,776,2022-01-19,2:29:29,21.5,-6.5,27.2,67,0.5,39.5,1014.1,25,357,9,1.7,8.1,SE,33,03:19:19,Inactivo
748,384,602,2020-08-22,19:51:03,19.7,-5.9,36.6,47,8.5,37.6,992.9,21,244,11,2.9,9.8,NO,,"",""
749,238,654,2022-10-10,15:01:13,14.6,0.9,34.4,18,3.5,61.8,1010.2,29,212,6,2.8,12.6,NE,13,04:30:58,Inactivo
750,959,1,2021-05-18,23:32:09,7.2,-4.2,27.9,55,7.1,58.4,1009.2,93,162,1,1.9,9.9,O,,"",""
751,947,101,2020-05-23,9:05:09,20.1,-5.8,27.5,40,8.8,73.6,1037.4,46,73,6,0.4,14.8,ES,,"",""
752,5,664,2023-03-26,10:28:37,15.6,4.7,37.3,58,11.8,90.1,990.8,37,53,9,0.3,6.2,ON,,"",""
753,461,55,2022-11-10,3:46:50,18.8,-2.6,37.8,30,2.6,60.1,1018.9,64,276,6,1.2,12.7,NO,,"",""
754,530,138,2020-01-20,4:25:57,21.8,-1.1,26.2,53,12.1,52.1,1028.5,11,173,2,2.6,10.7,N,,"",""
755,834,653,2021-11-19,4:08:15,21.3,4.9,25.4,24,12.7,56.3,1002.2,95,247,9,1.1,10.4,EN,23,04:21:52,Inactivo
756,8,9,2024-04-22,20:10:12,7.4,-0.8,35.4,84,10.3,47.7,1002.4,49,340,6,0.7,12.2,NO,44,05:26:53,Inactivo
757,845,30,2021-06-20,21:34:01,12.7,4.3,39.3,4,5.7,62.6,1020.0,82,268,3,2.2,7.4,SE,,"",""
758,168,521,2020-12-13,12:13:22,12.8,-0.1,36.7,1,5.4,3.9,1005.2,23,332,1,0.6,11.2,O,15,02:52:22,Inactivo
759,2,691,2020-11-27,20:10:20,22.6,-3.3,34.6,5,8.7,13.5,1001.5,0,346,6,2.6,9.0,ES,,"",""
760,545,671,2023-07-11,1:17:53,19.0,-0.2,36.8,96,0.4,0.7,1006.3,26,152,7,2.0,10.3,NO,,"",""
761,529,574,2022-06-11,16:36:11,21.6,-2.8,33.8,74,3.0,47.8,1005.9,64,165,9,0.0,12.3,S,,"",""
762,536,717,2020-03-20,6:47:32,23.8,5.4,28.4,56,7.7,93.2,993.0,8,298,3,0.7,12.6,O,,"",""
763,290,136,2021-05-17,3:09:16,12.2,-5.1,35.3,43,13.3,15.2,1013.3,59,109,9,2.3,6.5,ES,9,00:17:50,Inactivo
764,4,721,2020-12-19,21:25:09,18.1,-6.2,28.8,78,13.8,28.1,1033.9,79,279,7,0.7,12.0,NO,10,05:51:36,Inactivo
765,467,6,2021-09-16,16:00:37,9.8,4.3,32.3,65,3.6,54.4,1018.5,21,190,9,1.5,13.9,O,6,05:50:20,Inactivo
766,493,8,2022-01-31,2:47:07,16.3,-1.9,37.1,64,13.3,21.5,1001.6,15,206,11,0.2,8.8,OS,3,05:36:37,Inactivo
767,939,9,2020-02-16,1:28:46,22.3,0.5,37.4,66,6.7,51.7,1021.5,77,85,4,0.7,5.2,SE,,"",""
768,765,1,2021-03-20,14:19:27,23.6,-5.9,38.5,13,0.2,94.8,990.4,8,227,0,2.1,10.0,OS,,"",""
769,570,512,2023-08-09,21:21:57,22.2,5.9,27.0,58,9.0,80.1,1031.8,46,346,5,1.6,13.1,O,70,02:58:10,Inactivo
770,819,3,2023-04-20,0:53:39,15.5,0.4,28.1,74,1.5,25.6,1018.5,1,315,8,2.1,8.8,EN,76,05:04:41,Inactivo
771,517,550,2024-06-09,2:38:01,24.4,-4.2,32.3,9,3.0,92.5,1023.5,11,319,4,0.5,8.7,NO,12,04:49:22,Inactivo
772,474,6,2023-08-29,15:38:40,7.8,-1.9,29.4,35,0.4,68.7,995.3,74,34,2,2.9,8.4,SO,29,04:57:18,Inactivo
773,8,718,2024-03-22,15:36:29,22.6,-4.4,31.9,10,4.2,82.8,991.5,25,49,8,0.8,8.6,O,,"",""
774,28,281,2022-01-30,23:31:38,20.8,-4.1,37.5,93,13.0,9.9,1024.9,80,116,9,2.4,11.3,EN,,"",""
775,681,9,2020-01-08,15:41:17,23.5,-3.0,31.1,46,2.8,49.4,991.3,23,121,0,0.7,7.9,O,,"",""
776,2,2,2022-12-24,16:27:22,15.4,-4.6,27.3,4,2.2,28.3,1025.1,51,123,6,2.4,5.9,NO,9,04:48:00,Inactivo
777,1000,6,2023-05-28,4:16:19,17.0,-1.5,40.8,52,3.2,45.2,1002.1,57,73,9,0.1,10.9,S,,"",""
778,5,349,2021-11-19,14:42:09,18.2,4.5,38.3,50,2.8,80.3,1029.1,50,274,7,2.1,11.6,NO,53,04:56:36,Inactivo
779,780,9,2023-06-02,8:53:48,21.3,-3.8,30.9,29,8.5,56.2,1000.0,13,28,9,0.3,6.9,ES,,"",""
780,2,9,2022-02-27,3:49:54,10.2,1.4,32.8,23,10.9,28.3,1016.1,20,233,6,0.3,14.3,ON,,"",""
781,6,81,2022-10-25,1:26:25,11.1,-5.8,31.3,32,13.7,30.9,1008.3,92,217,10,2.1,13.3,N,,"",""
782,1,400,2020-06-29,1:47:16,22.7,-6.4,35.1,32,5.8,49.3,1029.3,15,334,1,1.5,14.2,SE,,"",""
783,5,470,2024-11-29,0:45:09,23.0,-5.6,28.3,2,9.3,55.7,1034.5,44,154,0,0.4,8.2,OS,,"",""
784,675,5,2021-12-16,5:17:59,24.8,-1.2,35.7,52,3.5,57.3,1011.1,67,127,10,0.2,8.0,S,36,04:01:44,Inactivo
785,450,1,2022-02-13,8:51:59,22.9,2.1,39.2,14,1.0,26.4,1020.9,9,261,4,1.3,8.0,SE,5,01:25:56,Inactivo
786,111,221,2024-01-21,12:49:47,12.7,-1.2,31.0,35,0.9,17.5,995.8,12,235,9,3.0,11.4,ON,12,05:39:51,Inactivo
787,911,2,2024-01-15,16:19:36,13.9,-1.9,25.3,91,9.1,89.6,1006.3,44,321,2,0.1,7.7,S,,"",""
788,1,235,2022-12-03,9:24:30,20.3,5.8,35.0,72,4.5,79.3,1014.8,48,112,11,0.2,13.6,O,75,05:17:03,Inactivo
789,971,383,2021-11-27,18:35:42,23.1,-1.0,32.3,42,6.8,65.1,1027.8,46,354,6,2.9,13.0,O,3,04:11:06,Inactivo
790,6,443,2021-01-23,15:06:07,7.3,5.5,28.8,87,13.5,35.3,1036.6,2,78,8,2.6,12.9,S,43,04:45:21,Inactivo
791,8,889,2023-04-13,11:32:45,7.9,-3.1,37.4,54,2.6,30.0,1016.5,22,141,2,0.7,11.2,ES,,"",""
792,252,858,2022-04-07,8:30:31,8.8,-0.8,29.8,76,7.9,47.6,997.8,0,103,3,1.7,8.7,E,,"",""
793,331,281,2022-03-04,20:08:55,9.8,-2.4,39.8,19,1.7,61.0,1015.2,57,13,7,0.2,11.6,NE,2,03:37:38,Inactivo
794,587,291,2024-11-16,0:14:50,16.4,0.2,35.2,47,2.7,3.2,1026.3,8,160,2,1.8,5.2,N,19,05:10:18,Activo
795,407,6,2022-12-16,22:59:12,21.8,4.9,25.3,31,10.4,64.7,1011.5,43,178,2,1.0,9.9,OS,,"",""
796,980,512,2023-06-27,5:23:51,17.5,0.5,35.7,56,2.8,58.1,993.9,69,110,3,0.3,8.4,SO,63,04:48:41,Inactivo
797,975,806,2021-12-29,5:41:43,15.0,-5.2,40.4,91,11.4,82.4,1030.6,85,280,4,1.2,13.7,SE,15,03:33:30,Inactivo
798,8,4,2021-03-22,13:22:34,14.5,1.1,38.0,83,1.3,30.0,1019.6,70,301,2,1.6,6.5,O,66,04:21:55,Inactivo
799,4,51,2022-01-08,11:06:04,22.4,1.2,27.1,1,7.2,89.1,1003.4,23,39,4,1.7,9.1,SO,11,00:42:00,Inactivo
800,640,606,2022-04-24,3:40:35,22.6,4.9,25.4,40,0.5,3.6,1035.3,91,238,5,1.3,7.7,NE,,"",""
801,1,181,2020-04-22,23:06:26,22.8,3.3,37.5,15,3.1,84.0,1011.7,22,349,9,2.1,11.8,EN,,"",""
802,339,26,2021-02-10,21:46:20,25.2,-0.9,27.4,27,2.6,59.9,1023.9,95,174,6,0.3,9.1,NE,,"",""
803,1,10,2024-05-21,22:01:38,15.1,2.7,41.1,5,9.2,87.7,996.0,9,316,11,2.2,5.8,NE,60,01:43:23,Inactivo
804,2,915,2024-02-03,2:29:38,14.1,-1.1,33.3,86,7.8,99.9,996.4,89,16,2,1.0,12.9,E,28,02:19:33,Inactivo
805,620,793,2024-04-24,10:46:26,16.9,5.7,32.8,28,0.1,65.8,1017.4,62,42,11,0.6,12.8,E,33,04:23:08,Inactivo
806,7,1,2023-07-20,5:01:16,23.6,4.6,31.6,47,11.2,37.6,1023.5,93,298,8,2.9,10.3,N,,"",""
807,897,694,2021-06-15,2:36:11,23.8,3.7,36.4,97,1.4,45.9,1010.4,40,217,2,0.5,10.6,N,15,01:07:00,Inactivo
808,681,479,2021-06-30,16:47:58,10.2,3.6,28.3,44,9.3,27.7,998.8,9,81,8,0.4,6.5,ES,,"",""
809,523,1,2024-05-15,7:28:12,18.8,-1.7,31.5,27,13.3,20.2,1016.1,70,16,6,2.8,10.1,SO,80,03:25:22,Inactivo
810,8,6,2024-04-03,15:59:23,25.2,0.8,27.8,55,6.6,10.5,992.4,65,190,9,1.5,10.5,ON,7,02:16:00,Inactivo
811,21,4,2020-07-01,8:12:37,24.5,3.7,29.7,76,11.2,12.1,1005.1,47,204,0,0.1,11.5,E,12,05:40:29,Inactivo
812,427,676,2022-01-29,9:52:10,12.4,-2.7,25.9,89,2.1,62.7,1026.1,70,106,3,2.2,12.5,SO,8,00:17:48,Inactivo
813,7,343,2023-11-25,17:58:33,21.2,-3.8,25.8,88,5.1,14.0,998.5,10,307,10,1.7,13.2,NE,22,02:25:25,Inactivo
814,904,8,2023-12-04,23:14:53,6.2,-6.1,27.0,27,6.4,61.4,1008.8,43,162,10,3.0,14.2,ES,78,05:00:44,Inactivo
815,2,3,2020-07-29,15:26:15,10.7,-4.7,34.1,79,12.3,19.7,993.8,90,334,5,0.7,7.3,SE,,"",""
816,2,6,2021-06-26,13:24:48,23.8,-4.8,32.9,1,5.2,51.2,1032.6,38,167,9,0.4,7.7,EN,,"",""
817,85,5,2021-04-24,14:50:17,11.8,1.6,28.2,13,5.4,79.4,1013.3,5,212,11,0.9,6.9,OS,63,01:15:51,Inactivo
818,686,10,2024-06-02,8:44:18,21.0,-5.6,31.4,35,9.9,67.4,1036.0,7,253,3,2.9,11.6,SO,,"",""
819,435,679,2022-10-28,0:31:49,18.7,4.0,26.8,6,6.8,25.8,1003.0,64,228,0,0.5,11.4,S,13,03:47:33,Inactivo
820,5,324,2024-02-03,20:56:23,12.3,-4.2,31.7,37,7.9,61.1,1001.3,72,60,4,2.8,8.0,NO,,"",""
821,678,670,2024-08-17,13:38:01,19.5,-4.1,30.1,2,1.9,36.3,997.6,96,222,1,0.0,13.3,N,76,05:37:58,Inactivo
822,504,273,2021-12-08,19:44:11,19.2,-0.5,29.0,6,11.9,99.3,1028.8,87,61,4,0.3,9.0,OS,,"",""
823,397,48,2023-12-09,7:49:40,7.1,-1.9,39.3,98,3.1,46.1,1013.8,70,309,5,2.2,6.4,E,10,00:11:19,Inactivo
824,769,7,2021-02-21,10:29:50,14.0,-4.3,28.9,40,6.0,47.4,999.7,95,291,8,2.3,5.4,ES,1,00:33:22,Inactivo
825,669,6,2024-11-03,22:04:19,8.5,-0.3,31.2,30,9.1,38.7,1001.2,92,110,6,1.0,5.9,S,6,05:35:10,Activo
826,136,9,2023-09-21,8:34:20,6.9,-1.8,28.8,87,0.3,29.2,990.8,43,322,10,2.7,8.3,S,10,01:17:01,Inactivo
827,670,8,2022-04-25,13:23:14,11.3,-5.6,27.1,38,9.6,8.8,991.2,26,64,10,2.8,6.1,NO,,"",""
828,581,544,2024-06-12,17:00:11,21.8,3.2,38.5,92,13.7,14.8,1023.0,13,132,1,2.0,10.6,EN,8,02:01:38,Inactivo
829,550,475,2023-01-17,0:54:24,8.9,-0.5,34.4,47,12.0,23.5,998.3,91,161,2,0.9,14.0,S,73,04:20:42,Inactivo
830,582,5,2021-05-08,5:08:59,10.3,2.9,30.5,70,1.8,15.2,1034.4,47,176,5,2.7,9.7,EN,9,05:07:58,Inactivo
831,6,297,2022-07-04,2:36:28,7.4,-1.5,35.9,14,12.7,82.5,1018.6,77,247,9,1.1,7.5,NO,64,05:51:05,Inactivo
832,624,586,2024-11-26,4:44:19,21.4,-2.0,38.4,4,10.5,14.0,1027.2,13,305,3,2.7,7.5,OS,12,00:42:50,Activo
833,1,218,2020-03-05,6:19:54,7.7,3.5,27.6,20,1.1,47.2,1009.9,95,143,9,2.1,8.0,NO,,"",""
834,112,3,2022-05-21,4:05:38,11.1,3.0,30.4,17,0.3,64.2,1022.9,66,263,7,2.9,8.3,SO,,"",""
835,6,612,2023-07-08,9:32:58,13.3,5.4,39.7,85,7.7,71.5,1037.5,37,245,11,0.4,12.3,ES,4,02:38:48,Inactivo
836,708,9,2024-05-14,7:48:00,13.9,-0.8,37.9,93,6.9,64.2,995.2,13,58,3,0.6,11.4,NE,15,00:24:07,Inactivo
837,725,4,2022-02-10,2:31:39,22.9,1.7,37.8,90,8.7,22.0,999.0,24,298,1,0.8,5.7,SO,52,01:06:42,Inactivo
838,3,167,2021-07-08,5:07:08,18.3,-0.6,29.2,83,1.0,19.0,992.5,86,245,2,2.0,5.4,E,7,00:39:50,Inactivo
839,9,814,2021-09-09,4:09:46,7.1,-4.4,25.5,41,8.5,97.0,1023.2,26,306,8,3.0,9.2,EN,58,00:18:56,Inactivo
840,31,164,2023-06-12,0:35:20,19.9,-0.5,37.8,5,1.3,93.8,1010.1,17,303,8,2.6,8.8,NE,,"",""
841,976,2,2024-08-09,16:08:15,19.5,-1.5,31.8,13,3.0,27.9,1023.5,67,48,2,1.9,6.3,S,5,03:20:05,Inactivo
842,42,155,2022-04-26,20:04:21,10.2,1.5,29.1,91,12.7,28.2,992.3,100,328,4,1.9,12.1,SO,6,05:09:42,Inactivo
843,6,1,2020-04-28,10:05:52,24.8,-3.1,41.1,34,8.3,32.5,1015.5,100,63,2,1.0,14.1,NE,,"",""
844,569,420,2024-10-01,12:58:20,23.1,1.6,39.5,59,4.6,36.2,1010.8,98,214,2,0.8,10.6,E,5,05:40:15,Inactivo
845,781,511,2020-04-11,3:16:02,25.0,4.7,29.4,1,8.0,69.4,1012.5,5,306,3,1.9,12.3,SE,72,04:36:25,Inactivo
846,2,787,2023-02-15,9:06:15,16.2,5.0,25.6,82,3.7,13.2,994.8,35,101,10,2.4,8.5,OS,11,04:32:14,Inactivo
847,661,584,2023-04-28,8:40:28,24.6,0.4,35.3,63,10.8,89.6,1021.1,96,114,1,1.3,12.6,S,,"",""
848,8,263,2022-11-15,13:41:58,18.3,-6.7,39.5,31,9.6,29.3,1010.4,16,167,5,1.6,7.0,ES,2,03:56:23,Inactivo
849,824,4,2021-12-23,2:10:47,6.2,-3.0,33.5,66,3.3,40.4,994.2,5,57,3,2.0,13.4,NE,,"",""
850,6,3,2020-04-08,0:19:12,17.5,5.0,40.9,17,12.0,76.4,1024.3,15,201,6,2.8,8.7,ON,59,05:57:36,Inactivo
851,44,733,2022-06-21,10:52:58,21.8,-0.4,38.7,70,12.4,78.5,1017.6,54,324,1,2.6,11.7,E,51,02:42:43,Inactivo
852,651,4,2023-06-05,17:56:44,22.1,-3.4,31.5,34,12.2,83.8,1030.5,58,321,8,1.5,7.0,E,,"",""
853,219,283,2020-05-04,8:05:21,6.9,1.2,36.7,51,1.2,81.8,1032.0,26,246,1,1.9,12.4,ES,15,02:09:39,Inactivo
854,43,10,2022-06-08,13:31:09,16.4,5.6,31.9,30,3.6,84.9,1011.6,79,72,11,0.2,8.5,OS,9,04:01:14,Inactivo
855,7,4,2022-02-13,12:19:23,11.6,5.6,40.9,20,3.0,9.2,1009.3,27,214,7,0.2,5.0,SO,,"",""
856,724,807,2022-12-24,13:23:39,25.2,2.5,33.1,30,0.5,70.7,1027.4,33,319,6,2.6,6.7,N,1,02:34:28,Inactivo
857,509,871,2024-03-18,11:20:06,17.4,2.4,34.3,75,0.2,66.3,1025.7,28,261,8,0.6,12.7,S,,"",""
858,5,686,2021-03-10,20:37:38,19.0,2.9,34.3,51,12.5,28.6,1016.4,44,146,3,0.7,8.0,ON,,"",""
859,1,415,2021-08-24,1:44:04,22.8,-6.4,33.5,26,7.2,69.6,1017.8,63,345,11,0.3,8.0,N,,"",""
860,674,510,2022-01-22,0:10:59,12.3,-5.0,34.2,25,1.7,55.0,1022.1,73,19,11,2.7,8.7,NO,62,02:01:12,Inactivo
861,980,3,2021-01-10,2:12:18,10.9,4.2,36.3,55,8.9,30.7,1015.3,40,139,3,1.1,14.7,OS,8,05:41:27,Inactivo
862,723,840,2021-04-03,5:43:09,22.9,-6.5,27.8,83,3.7,71.2,996.4,0,282,5,1.1,7.0,NE,73,00:21:10,Inactivo
863,238,61,2024-01-29,9:21:31,24.6,5.4,32.8,77,9.9,96.6,1006.1,30,256,0,0.3,6.6,SO,45,02:53:12,Inactivo
864,869,10,2023-11-07,1:41:06,17.2,-6.5,35.8,15,3.4,74.7,1033.3,91,331,0,0.9,10.1,NE,11,00:41:29,Inactivo
865,624,390,2020-09-29,10:49:42,23.9,1.2,26.7,47,9.6,33.6,1022.6,85,141,8,0.4,6.3,SE,51,04:15:25,Inactivo
866,516,334,2024-01-26,3:59:43,8.3,-0.7,30.7,44,2.2,20.6,992.9,73,234,8,2.0,8.3,NO,,"",""
867,5,196,2020-07-22,15:54:41,14.7,3.2,39.4,22,13.0,37.1,996.6,74,222,0,1.2,14.7,SO,49,03:02:55,Inactivo
868,4,529,2022-11-24,14:14:59,21.8,0.6,37.2,51,6.9,46.7,994.1,75,116,7,1.8,13.8,S,13,05:50:28,Inactivo
869,676,175,2020-06-18,16:21:23,11.9,-0.4,37.6,69,4.8,28.4,1007.0,86,177,5,1.3,10.8,E,57,02:51:58,Inactivo
870,488,177,2022-01-17,20:57:41,7.5,5.1,38.6,51,6.7,38.2,1009.9,27,21,9,2.1,10.9,SO,26,02:44:46,Inactivo
871,424,95,2024-06-22,20:23:51,19.0,-6.0,27.8,75,2.9,52.6,993.7,54,312,3,3.0,6.6,EN,,"",""
872,75,10,2023-03-23,11:51:23,11.3,-4.8,32.6,34,8.2,81.6,1023.7,44,71,11,1.1,9.0,NO,,"",""
873,1,919,2024-03-29,12:15:43,22.2,-2.6,32.5,89,8.8,97.0,992.6,41,45,11,1.5,14.7,NO,34,00:04:23,Inactivo
874,6,491,2020-05-10,11:59:07,10.5,-5.0,33.8,38,1.9,22.7,994.4,66,89,7,2.9,9.0,SO,6,02:41:30,Inactivo
875,8,5,2023-10-09,13:12:35,23.1,3.9,34.6,51,6.2,98.1,1010.8,36,108,2,2.2,6.3,OS,,"",""
876,457,18,2023-02-16,23:12:21,21.7,1.8,27.7,86,1.4,61.8,1015.8,86,137,8,2.3,14.8,SO,,"",""
877,760,77,2024-07-05,18:25:22,20.4,0.7,36.2,80,2.8,98.0,1036.7,24,360,0,0.4,10.5,N,,"",""
878,973,1,2021-07-21,7:40:27,24.3,1.7,33.7,1,9.6,75.3,992.3,63,78,3,1.9,11.4,OS,15,00:04:37,Inactivo
879,20,7,2022-12-10,9:46:28,18.5,-3.7,32.7,14,11.4,14.5,995.0,6,66,6,2.7,12.0,S,,"",""
880,185,654,2021-06-06,7:25:38,22.0,1.6,41.0,99,2.4,65.0,992.7,45,116,7,2.8,9.8,EN,30,04:43:49,Inactivo
881,2,350,2023-02-22,6:45:55,17.8,-0.1,35.1,8,13.5,54.9,1016.1,93,255,0,2.2,6.9,EN,,"",""
882,465,529,2020-10-26,20:08:21,13.3,2.3,25.8,84,12.8,42.0,1018.0,9,189,5,2.5,13.2,SE,74,01:28:04,Inactivo
883,1,123,2024-09-11,23:12:46,19.2,-0.5,25.3,17,5.8,34.0,993.9,97,210,5,1.5,8.1,O,72,04:31:14,Inactivo
884,896,872,2023-08-09,12:38:32,12.3,-6.7,39.8,66,0.3,14.1,1017.5,32,182,6,1.7,13.3,NO,,"",""
885,66,213,2021-07-27,21:54:27,15.6,-5.5,28.5,85,10.5,97.6,1033.9,53,1,10,0.5,12.2,EN,19,01:25:07,Inactivo
886,26,10,2023-06-20,16:45:10,7.2,1.7,29.7,47,10.3,85.3,1019.0,44,147,3,0.4,7.2,N,,"",""
887,5,2,2021-07-07,8:16:20,21.0,3.8,30.4,40,2.5,26.4,998.8,61,31,7,2.1,8.3,SO,2,05:04:42,Inactivo
888,253,6,2022-03-10,16:08:07,12.3,0.1,33.4,22,7.9,64.6,996.2,2,347,1,2.0,12.1,NO,5,03:03:35,Inactivo
889,868,329,2021-02-19,18:48:04,17.5,4.6,30.2,60,11.2,86.4,1004.8,20,359,3,0.2,14.6,SO,,"",""
890,80,1,2021-02-14,22:17:57,18.9,5.7,30.2,60,7.3,37.8,1035.2,92,313,3,1.7,11.8,EN,53,02:23:26,Inactivo
891,901,81,2021-06-06,4:25:18,20.1,2.0,36.7,52,11.8,13.4,1020.5,83,347,7,3.0,13.3,ES,,"",""
892,996,1,2023-12-16,8:28:50,13.1,-1.9,36.8,65,7.2,13.7,1017.6,49,263,11,2.4,6.6,N,,"",""
893,457,10,2021-06-03,20:26:40,13.4,-4.7,28.9,86,2.9,78.4,993.4,91,343,8,1.7,6.0,E,49,05:57:40,Inactivo
894,639,494,2020-01-10,23:55:59,13.3,-2.0,27.1,50,13.2,55.0,1036.3,74,356,1,2.6,10.9,NO,62,03:35:57,Inactivo
895,736,773,2020-11-19,21:14:39,7.3,1.4,37.2,55,12.2,48.7,996.6,62,191,0,1.2,7.9,EN,,"",""
896,454,893,2020-04-20,21:45:35,16.2,0.4,27.3,85,11.7,74.0,990.6,52,231,9,2.8,8.2,OS,,"",""
897,552,10,2023-01-19,0:31:17,15.3,-5.6,33.5,15,7.7,34.0,996.9,9,137,8,0.6,14.1,E,,"",""
898,4,6,2022-11-14,2:30:47,9.1,4.3,35.8,41,5.5,81.1,1031.3,39,344,9,0.2,9.2,ON,,"",""
899,331,130,2021-10-31,6:15:21,8.2,-3.7,27.0,37,7.2,44.6,1016.4,52,330,0,2.2,12.8,OS,10,01:28:42,Inactivo
900,991,487,2021-06-23,23:42:55,13.4,0.4,31.2,2,4.1,65.3,993.4,67,355,10,0.3,8.8,OS,,"",""
901,1,783,2021-05-02,23:06:25,18.9,1.4,34.7,40,10.8,58.1,1011.5,86,339,5,2.3,13.4,N,7,01:57:02,Inactivo
902,54,4,2023-05-03,15:51:22,18.7,3.4,34.6,41,4.5,3.0,1024.8,19,234,10,0.2,11.5,SO,14,03:54:17,Inactivo
903,817,9,2023-07-16,16:02:06,20.4,-2.3,28.4,14,1.7,88.1,1012.2,12,67,2,0.9,6.1,SE,10,02:29:59,Inactivo
904,390,29,2021-05-29,23:12:54,15.1,4.5,39.5,75,2.0,40.4,1009.0,29,190,0,1.8,9.5,ES,,"",""
905,758,1,2019-12-31,16:21:31,6.1,-0.9,33.1,24,4.0,86.6,992.7,0,318,2,2.9,8.1,SO,,"",""
906,546,274,2022-11-06,10:30:59,17.5,2.4,25.7,58,6.3,69.7,990.3,26,63,2,2.7,9.7,SO,,"",""
907,4,4,2024-08-29,18:56:26,18.4,-0.5,34.3,68,8.6,55.9,1022.4,72,346,7,0.5,6.0,SO,,"",""
908,6,7,2024-02-07,10:00:36,22.5,0.5,27.5,68,0.2,19.6,1025.3,28,167,1,1.6,9.0,SO,,"",""
909,753,418,2020-10-26,20:35:08,19.8,3.2,38.3,74,5.6,95.3,1021.9,85,116,11,0.8,11.3,OS,1,01:11:47,Inactivo
910,288,650,2021-03-13,4:51:34,23.7,1.3,37.9,56,9.4,5.1,1006.4,71,102,0,3.0,9.4,O,,"",""
911,6,1,2021-11-02,11:55:43,14.6,1.1,37.1,80,9.2,73.3,1021.7,37,41,8,1.0,11.5,OS,,"",""
912,851,284,2021-08-31,13:22:42,14.4,-1.4,41.1,13,12.5,69.6,1031.0,15,32,10,1.6,8.4,E,8,03:29:30,Inactivo
913,6,7,2021-09-09,13:48:55,8.7,-5.5,28.9,11,9.4,1.4,1024.6,86,288,6,1.3,7.9,EN,,"",""
914,4,473,2023-11-11,10:42:25,11.1,1.7,40.4,72,13.1,91.3,1034.6,20,357,4,1.2,12.6,SE,13,04:14:02,Inactivo
915,137,1,2022-05-24,14:40:25,7.7,-1.4,37.0,43,5.1,81.6,1028.3,75,121,9,2.7,14.7,ES,,"",""
916,2,6,2021-06-11,8:46:49,12.7,-4.6,27.8,5,7.0,55.6,1027.2,33,127,5,0.4,6.3,N,9,04:09:16,Inactivo
917,839,42,2023-10-10,11:05:57,23.7,1.1,38.0,94,10.5,74.8,1020.1,24,204,3,0.4,10.5,OS,,"",""
918,5,8,2024-08-29,14:25:49,7.1,-3.2,26.7,62,7.5,65.6,1019.7,57,169,1,1.6,13.6,S,22,04:20:51,Inactivo
919,877,283,2021-09-22,16:41:56,10.3,2.4,35.7,97,9.6,67.5,1005.3,37,286,6,2.1,10.1,N,,"",""
920,829,934,2024-05-19,0:13:22,21.0,-3.5,38.8,55,6.7,58.8,1011.1,20,293,4,2.8,7.9,SO,,"",""
921,939,770,2024-09-23,6:45:49,11.2,-0.3,34.5,64,10.0,51.5,990.8,16,21,8,0.5,10.2,O,,"",""
922,282,197,2023-02-13,17:09:15,19.0,2.3,32.9,12,10.5,60.1,1000.5,87,173,8,0.6,10.1,ES,,"",""
923,3,8,2024-07-15,15:47:17,12.3,-0.7,33.3,61,1.0,57.4,1027.5,60,294,9,1.8,9.5,OS,,"",""
924,722,374,2020-01-10,10:44:18,11.5,3.1,34.4,98,12.8,78.7,1031.1,22,332,11,1.6,7.8,NE,,"",""
925,363,9,2024-02-11,19:21:08,16.9,-5.8,38.5,31,9.7,34.5,1000.1,79,215,4,2.5,6.0,SE,74,00:07:27,Inactivo
926,397,69,2021-06-22,22:57:13,16.9,0.8,40.7,91,4.2,88.5,1002.9,89,193,9,1.8,6.0,O,56,01:09:39,Inactivo
927,707,378,2021-05-02,8:04:28,19.8,-0.4,40.1,61,12.4,92.8,995.9,31,267,11,1.8,6.0,EN,10,05:07:34,Inactivo
928,556,854,2020-10-15,15:42:30,9.5,1.9,36.2,100,5.9,88.9,1017.2,84,172,7,1.5,6.4,N,,"",""
929,324,33,2020-04-29,14:21:14,21.7,2.3,35.7,98,2.8,57.0,1005.9,82,190,1,1.4,8.4,S,,"",""
930,816,6,2024-03-19,19:26:35,10.1,-5.4,33.8,18,5.1,79.9,1020.7,46,337,10,0.6,8.2,SO,,"",""
931,1,473,2024-03-31,4:24:34,20.3,-3.1,39.9,42,10.1,6.3,1019.0,55,320,6,1.3,14.3,O,8,01:58:40,Inactivo
932,85,380,2021-01-01,8:48:10,6.9,-6.3,35.6,76,3.6,38.1,1000.5,97,284,11,0.1,8.8,S,3,05:49:01,Inactivo
933,68,10,2019-12-03,14:00:27,15.0,5.8,31.8,19,12.8,2.9,1034.7,43,69,1,0.4,9.6,SO,79,05:11:47,Inactivo
934,744,8,2021-12-26,22:08:32,23.2,-5.2,28.0,17,8.9,69.4,1034.0,21,101,8,0.6,7.1,O,,"",""
935,937,952,2021-05-21,12:44:32,15.0,3.2,40.0,38,8.0,79.6,1004.3,12,253,1,0.1,6.2,N,,"",""
936,83,145,2023-07-21,4:16:58,18.9,0.1,25.6,24,3.2,38.4,1005.2,62,216,4,1.8,13.1,NE,,"",""
937,659,737,2021-04-30,3:37:58,6.8,0.5,33.6,77,9.4,53.6,1015.8,43,15,3,1.8,12.7,E,,"",""
938,8,519,2021-02-19,23:16:17,17.8,-0.9,32.3,80,7.2,0.9,1006.1,64,197,3,2.5,13.4,S,,"",""
939,576,944,2024-10-04,0:31:58,12.1,3.4,39.9,24,1.5,23.9,1021.9,76,192,5,2.2,7.8,E,,"",""
940,364,4,2020-11-16,23:46:58,15.5,-4.2,29.0,13,6.7,20.9,1034.5,21,346,1,2.2,12.9,ON,,"",""
941,6,500,2020-04-07,0:19:33,6.7,-6.1,35.9,59,9.8,33.5,995.6,9,168,3,2.5,15.0,ES,,"",""
942,450,8,2023-08-09,14:34:40,8.4,-3.1,39.5,47,7.7,32.6,1006.0,58,204,2,0.8,12.2,SO,,"",""
943,3,727,2023-10-18,9:56:36,15.4,-1.5,26.2,5,7.3,0.4,1000.4,85,186,6,0.8,8.6,OS,,"",""
944,305,6,2020-07-22,18:24:02,14.8,-1.1,36.3,60,7.5,41.3,1013.0,37,170,0,1.9,7.9,SE,,"",""
945,575,3,2021-11-30,9:41:53,13.0,4.2,25.9,19,3.6,74.3,1020.8,63,86,5,0.3,9.3,EN,,"",""
946,170,682,2024-03-19,22:44:37,18.7,-0.4,25.6,67,5.0,23.4,1036.5,93,284,6,2.7,13.3,OS,12,04:31:22,Inactivo
947,506,7,2023-08-15,12:25:40,9.0,-2.8,26.1,42,7.0,24.7,1007.5,88,36,1,1.0,6.1,ON,,"",""
948,441,656,2022-02-18,22:03:06,17.5,-5.7,29.9,49,8.6,36.9,1029.2,83,302,9,1.6,11.9,ES,,"",""
949,326,8,2020-08-09,9:27:20,6.5,5.5,34.6,35,7.2,16.2,1009.1,17,359,5,1.4,13.1,NE,,"",""
950,6,5,2023-10-30,3:20:44,20.3,-1.5,27.7,34,5.8,33.1,1014.3,56,114,9,1.7,10.9,SO,5,00:16:49,Inactivo
951,1,471,2023-05-06,9:24:07,23.6,-6.5,37.6,54,13.8,84.0,1018.5,90,68,6,1.7,13.0,ES,,"",""
952,280,2,2020-07-12,21:31:03,14.0,2.6,40.8,64,11.8,45.1,1017.6,7,269,11,1.6,13.5,NE,3,05:02:44,Inactivo
953,4,7,2020-07-13,2:33:30,8.0,1.3,28.6,7,8.8,65.0,997.1,3,307,0,1.4,5.8,N,,"",""
954,144,3,2024-10-24,2:19:05,9.5,5.8,34.5,99,1.2,90.4,1002.1,52,110,5,2.0,10.1,SE,,"",""
955,598,795,2020-08-11,9:43:38,10.8,-6.2,40.0,32,11.0,99.0,1034.7,1,337,3,0.2,7.0,S,,"",""
956,1,428,2021-07-03,9:02:52,9.9,3.6,26.7,15,13.7,94.4,1037.0,5,62,11,1.8,11.5,SE,39,02:01:28,Inactivo
957,198,227,2020-10-18,13:32:12,9.0,-3.6,30.5,72,3.2,77.6,1015.5,90,279,4,1.3,11.9,N,,"",""
958,7,7,2019-12-26,20:06:44,15.3,2.8,40.3,91,2.3,9.6,1024.2,32,219,6,1.6,12.6,NO,15,02:17:05,Inactivo
959,1,2,2021-02-20,6:41:44,13.1,-1.8,37.7,31,0.1,57.1,994.0,34,302,3,3.0,7.5,N,,"",""
960,6,10,2022-05-13,12:46:58,23.2,5.5,38.8,34,11.9,38.5,992.9,9,312,1,1.3,11.0,SE,,"",""
961,2,425,2020-01-06,22:10:10,19.8,5.1,40.0,76,12.9,86.7,1009.0,90,199,11,2.6,7.7,O,,"",""
962,254,10,2020-05-24,9:42:26,14.9,-4.5,37.1,98,0.8,16.4,1001.4,46,288,3,2.1,9.6,ON,4,02:28:16,Inactivo
963,826,80,2021-09-30,9:57:20,13.7,-0.8,37.9,71,6.5,86.8,1013.6,69,288,2,1.8,11.2,EN,,"",""
964,7,1,2020-02-16,1:12:30,8.9,3.7,29.3,11,4.8,86.1,1023.3,60,320,6,1.2,10.5,S,,"",""
965,4,546,2022-08-21,3:10:30,15.2,0.5,37.2,10,8.5,54.0,995.0,10,284,3,2.1,10.3,OS,4,03:26:09,Inactivo
966,423,1,2021-03-03,8:26:55,8.4,-5.2,37.2,65,10.3,92.8,1017.8,42,359,6,1.3,6.8,O,,"",""
967,951,10,2020-04-13,8:56:28,21.0,0.4,33.4,87,7.2,4.7,1000.4,44,198,9,0.2,10.7,O,,"",""
968,444,2,2021-01-28,6:43:33,18.7,-1.8,35.3,28,6.7,18.5,1021.2,71,314,7,2.0,7.3,O,77,04:51:06,Inactivo
969,429,8,2022-12-06,18:11:34,10.6,5.4,37.9,54,8.9,64.1,1000.1,90,82,11,1.8,11.5,NE,,"",""
970,927,9,2022-02-10,18:48:41,7.0,1.7,39.1,45,8.1,45.5,992.9,27,205,8,0.3,7.7,SE,14,03:17:16,Inactivo
971,4,5,2020-04-13,19:39:01,14.0,1.7,26.3,30,2.4,69.4,1029.6,84,354,3,0.8,9.2,NO,,"",""
972,4,190,2024-03-23,19:21:02,17.8,1.0,35.5,83,10.6,16.4,1028.2,88,320,9,2.1,13.0,NO,,"",""
973,407,70,2019-12-29,19:46:28,16.6,4.9,35.4,51,6.2,15.6,993.2,17,347,4,2.7,12.8,N,,"",""
974,7,7,2021-07-09,12:31:10,19.7,4.3,36.5,48,7.8,1.9,1009.7,52,247,11,1.7,10.3,SO,7,03:05:53,Inactivo
975,533,211,2022-10-30,2:21:42,17.5,6.0,36.0,36,12.3,25.1,1003.2,67,135,4,2.9,13.0,N,37,03:09:15,Inactivo
976,8,3,2024-07-24,23:05:23,17.7,1.2,28.0,56,10.2,3.1,992.7,63,77,8,2.2,11.2,E,7,01:47:15,Inactivo
977,291,141,2022-06-03,2:17:14,20.1,1.3,37.1,91,0.8,19.5,1024.4,15,184,10,1.6,5.4,N,,"",""
978,2,782,2022-06-29,3:01:00,10.5,3.4,28.8,1,5.3,91.7,1013.0,26,186,2,1.6,11.8,EN,,"",""
979,298,280,2022-07-08,13:40:11,20.2,-1.7,31.8,71,1.4,34.8,1005.0,74,206,8,0.0,11.9,ES,40,00:33:08,Inactivo
980,847,7,2022-08-15,3:00:42,12.8,-5.8,31.9,91,8.1,37.3,1022.9,23,358,11,1.7,15.0,E,9,02:50:07,Inactivo
981,8,570,2021-04-14,17:47:43,13.8,-3.8,34.8,35,1.0,23.6,1005.3,31,305,4,0.7,5.6,E,35,04:44:47,Inactivo
982,913,739,2023-04-02,21:45:51,10.5,2.3,26.1,85,9.9,39.0,1024.9,62,281,2,0.4,12.2,ON,10,00:52:53,Inactivo
983,853,589,2023-11-03,3:56:17,12.5,0.5,33.8,44,3.8,22.0,1033.9,2,353,6,2.1,7.0,EN,13,05:24:28,Inactivo
984,945,204,2020-02-12,3:35:44,6.8,4.5,25.2,3,7.5,0.4,1028.4,71,213,6,1.4,13.6,NE,,"",""
985,405,918,2022-12-08,14:55:44,23.9,-3.6,37.7,6,9.9,69.3,1028.4,74,311,2,0.4,7.4,NE,,"",""
986,600,954,2020-10-10,5:18:53,18.1,5.8,40.8,53,5.4,26.0,1009.0,26,138,3,2.3,14.3,SO,,"",""
987,3,54,2021-12-01,19:37:06,7.8,1.9,38.5,53,7.1,1.7,1024.9,18,199,9,2.7,8.6,SO,70,03:34:13,Inactivo
988,536,257,2024-07-07,12:26:39,7.5,-1.9,36.2,61,2.4,87.9,1016.2,49,56,4,0.4,13.6,EN,,"",""
989,765,10,2020-04-14,13:04:31,11.6,2.2,29.2,86,13.6,44.6,1015.9,86,224,10,2.9,5.0,SE,60,05:30:21,Inactivo
990,5,1,2022-08-16,4:28:00,23.1,-3.6,28.8,88,1.2,7.2,1032.9,59,32,11,2.1,13.9,NO,,"",""
991,996,9,2021-01-08,23:12:48,16.5,3.2,38.8,54,12.2,51.7,1008.0,20,329,1,2.6,6.2,NE,,"",""
992,5,4,2022-09-30,22:15:03,19.6,4.4,39.0,74,11.1,61.2,1024.8,76,46,0,2.2,6.7,SO,,"",""
993,690,652,2021-02-13,21:48:30,15.9,2.6,36.0,55,10.9,1.8,1032.9,7,355,8,0.6,11.7,ON,,"",""
994,104,3,2020-08-25,10:46:03,7.7,0.4,35.1,2,5.8,18.7,1021.7,100,285,9,2.2,8.5,N,1,04:15:32,Inactivo
995,455,1,2023-05-24,13:04:08,24.9,5.8,39.4,88,13.6,8.8,993.9,40,60,2,1.2,9.9,ES,19,05:49:40,Inactivo
996,7,91,2021-05-07,18:47:46,23.7,-6.7,30.3,71,4.1,68.2,1001.4,24,178,3,1.4,5.5,S,,"",""
997,431,2,2023-05-14,5:07:15,18.8,-5.1,26.3,3,4.5,12.5,1031.5,16,117,0,0.6,12.4,EN,,"",""
998,3,895,2021-06-26,12:05:53,18.3,-2.8,37.2,50,9.5,89.7,1019.7,58,273,9,0.3,11.4,EN,6,05:36:18,Inactivo
999,472,2,2023-02-01,16:45:37,8.4,3.3,38.5,92,7.8,26.2,1021.0,81,284,7,0.3,10.5,EN,,"",""
1000,2,517,2020-02-23,18:57:46,16.1,5.1,33.5,58,2.0,46.7,1011.9,81,119,4,0.1,8.2,EN,,"",""
